//
//  ObfStrData.m - 自动生成(gen_obf_src.py), 勿手改
//
#import "ObfStr.h"

#define _OB_COUNT 592

static const unsigned int _ob_off[] = {
    0, 31, 77, 87, 110, 118, 125, 137, 154, 167, 178, 192, 207, 215, 222, 240,
    250, 261, 268, 278, 281, 284, 286, 291, 300, 374, 387, 417, 426, 435, 477, 483,
    519, 526, 564, 576, 593, 637, 672, 694, 722, 787, 832, 850, 911, 952, 990, 1027,
    1063, 1082, 1109, 1117, 1131, 1158, 1194, 1212, 1238, 1260, 1272, 1283, 1288, 1322, 1341, 1345,
    1400, 1401, 1424, 1446, 1452, 1463, 1498, 1517, 1521, 1525, 1620, 1657, 1671, 1687, 1702, 1756,
    1763, 1818, 1875, 1924, 1969, 2065, 2102, 2107, 2116, 2126, 2135, 2142, 2146, 2153, 2160, 2165,
    2172, 2183, 2194, 2256, 2275, 2297, 2366, 2441, 2468, 2518, 2578, 2628, 2679, 2749, 2793, 2811,
    2883, 2949, 3010, 3064, 3107, 3117, 3118, 3121, 3156, 3213, 3258, 3266, 3269, 3276, 3276, 3327,
    3381, 3427, 3432, 3487, 3508, 3540, 3597, 3638, 3668, 3699, 3730, 3765, 3795, 3826, 3863, 3920,
    3954, 4018, 4077, 4140, 4215, 4280, 4294, 4302, 4335, 4359, 4367, 4375, 4383, 4394, 4445, 4456,
    4474, 4528, 4575, 4581, 4605, 4617, 4667, 4679, 4689, 4695, 4701, 4715, 4728, 4740, 4811, 4832,
    4860, 4980, 4987, 4993, 5068, 5100, 5132, 5168, 5179, 5183, 5237, 5277, 5330, 5369, 5423, 5468,
    5527, 5570, 5578, 5622, 5684, 5712, 5745, 5781, 5789, 5806, 5811, 5827, 5831, 5846, 5849, 5902,
    5927, 6025, 6099, 6157, 6207, 6258, 6306, 6347, 6401, 6456, 6508, 6550, 6593, 6633, 6684, 6731,
    6774, 6830, 6917, 6984, 6990, 7044, 7087, 7153, 7222, 7273, 7336, 7373, 7419, 7483, 7542, 7589,
    7654, 7718, 7761, 7787, 7838, 7893, 7973, 8031, 8033, 8078, 8136, 8198, 8231, 8232, 8280, 8311,
    8366, 8370, 8407, 8454, 8516, 8565, 8624, 8694, 8742, 8822, 8870, 8894, 8914, 8930, 9022, 9057,
    9060, 9063, 9066, 9069, 9072, 9075, 9078, 9082, 9085, 9089, 9093, 9096, 9099, 9112, 9132, 9136,
    9143, 9198, 9212, 9242, 9272, 9316, 9334, 9358, 9394, 9414, 9428, 9502, 9571, 9611, 9641, 9701,
    9735, 9810, 9834, 9861, 9876, 9898, 9911, 9948, 9968, 10001, 10036, 10085, 10095, 10107, 10150, 10192,
    10235, 10296, 10322, 10355, 10409, 10427, 10459, 10487, 10542, 10584, 10618, 10651, 10697, 10735, 10781, 10786,
    10791, 10843, 10880, 10913, 10955, 10997, 11020, 11085, 11111, 11133, 11158, 11183, 11203, 11227, 11242, 11272,
    11277, 11285, 11336, 11372, 11379, 11387, 11394, 11423, 11477, 11510, 11514, 11531, 11551, 11560, 11576, 11588,
    11605, 11632, 11663, 11678, 11700, 11722, 11732, 11736, 11750, 11753, 11765, 11768, 11808, 11814, 11818, 11821,
    11826, 11833, 11845, 11852, 11861, 11865, 11870, 11871, 11903, 11941, 11973, 11991, 12010, 12029, 12084, 12103,
    12116, 12133, 12196, 12261, 12283, 12294, 12307, 12322, 12345, 12362, 12380, 12403, 12426, 12490, 12493, 12496,
    12499, 12502, 12505, 12508, 12509, 12526, 12550, 12574, 12602, 12655, 12699, 12701, 12705, 12765, 12814, 12866,
    12885, 12907, 12950, 13011, 13022, 13034, 13050, 13064, 13070, 13086, 13092, 13106, 13112, 13129, 13147, 13155,
    13166, 13186, 13187, 13198, 13208, 13221, 13231, 13244, 13255, 13269, 13270, 13281, 13286, 13299, 13308, 13323,
    13327, 13339, 13340, 13351, 13368, 13380, 13403, 13404, 13415, 13417, 13432, 13449, 13464, 13481, 13493, 13505,
    13514, 13523, 13535, 13557, 13578, 13592, 13606, 13626, 13630, 13642, 13659, 13672, 13685, 13698, 13711, 13724,
    13737, 13749, 13767, 13779, 13794, 13811, 13838, 13850, 13895, 13901, 13919, 13925, 13946, 13989, 14006, 14052,
    14071, 14088, 14097, 14151, 14205, 14215, 14225, 14240, 14299, 14342, 14351, 14357, 14386, 14447, 14520, 14560,
    14625, 14629, 14633, 14670, 14676, 14688, 14694, 14767, 14824, 14895, 14953, 15020, 15026, 15047, 15067, 15092,
    15134, 15144, 15171, 15178, 15228, 15260, 15268, 15276, 15351, 15353, 15356, 15401, 15437, 15488, 15520, 15584,
    15613, 15652, 15692, 15728, 15765, 15817, 15858, 15933, 15969, 15991, 16032, 16044, 16070, 16075, 16081, 16090,
    16137, 16178, 16211, 16275, 16320, 16344, 16385, 16394, 16403, 16433, 16463, 16507, 16539, 16575, 16599, 16656,
};
static const unsigned char _ob_len[] = {
    31, 46, 10, 23, 8, 7, 12, 17, 13, 11, 14, 15, 8, 7, 18, 10,
    11, 7, 10, 3, 3, 2, 5, 9, 74, 13, 30, 9, 9, 42, 6, 36,
    7, 38, 12, 17, 44, 35, 22, 28, 65, 45, 18, 61, 41, 38, 37, 36,
    19, 27, 8, 14, 27, 36, 18, 26, 22, 12, 11, 5, 34, 19, 4, 55,
    1, 23, 22, 6, 11, 35, 19, 4, 4, 95, 37, 14, 16, 15, 54, 7,
    55, 57, 49, 45, 96, 37, 5, 9, 10, 9, 7, 4, 7, 7, 5, 7,
    11, 11, 62, 19, 22, 69, 75, 27, 50, 60, 50, 51, 70, 44, 18, 72,
    66, 61, 54, 43, 10, 1, 3, 35, 57, 45, 8, 3, 7, 0, 51, 54,
    46, 5, 55, 21, 32, 57, 41, 30, 31, 31, 35, 30, 31, 37, 57, 34,
    64, 59, 63, 75, 65, 14, 8, 33, 24, 8, 8, 8, 11, 51, 11, 18,
    54, 47, 6, 24, 12, 50, 12, 10, 6, 6, 14, 13, 12, 71, 21, 28,
    120, 7, 6, 75, 32, 32, 36, 11, 4, 54, 40, 53, 39, 54, 45, 59,
    43, 8, 44, 62, 28, 33, 36, 8, 17, 5, 16, 4, 15, 3, 53, 25,
    98, 74, 58, 50, 51, 48, 41, 54, 55, 52, 42, 43, 40, 51, 47, 43,
    56, 87, 67, 6, 54, 43, 66, 69, 51, 63, 37, 46, 64, 59, 47, 65,
    64, 43, 26, 51, 55, 80, 58, 2, 45, 58, 62, 33, 1, 48, 31, 55,
    4, 37, 47, 62, 49, 59, 70, 48, 80, 48, 24, 20, 16, 92, 35, 3,
    3, 3, 3, 3, 3, 3, 4, 3, 4, 4, 3, 3, 13, 20, 4, 7,
    55, 14, 30, 30, 44, 18, 24, 36, 20, 14, 74, 69, 40, 30, 60, 34,
    75, 24, 27, 15, 22, 13, 37, 20, 33, 35, 49, 10, 12, 43, 42, 43,
    61, 26, 33, 54, 18, 32, 28, 55, 42, 34, 33, 46, 38, 46, 5, 5,
    52, 37, 33, 42, 42, 23, 65, 26, 22, 25, 25, 20, 24, 15, 30, 5,
    8, 51, 36, 7, 8, 7, 29, 54, 33, 4, 17, 20, 9, 16, 12, 17,
    27, 31, 15, 22, 22, 10, 4, 14, 3, 12, 3, 40, 6, 4, 3, 5,
    7, 12, 7, 9, 4, 5, 1, 32, 38, 32, 18, 19, 19, 55, 19, 13,
    17, 63, 65, 22, 11, 13, 15, 23, 17, 18, 23, 23, 64, 3, 3, 3,
    3, 3, 3, 1, 17, 24, 24, 28, 53, 44, 2, 4, 60, 49, 52, 19,
    22, 43, 61, 11, 12, 16, 14, 6, 16, 6, 14, 6, 17, 18, 8, 11,
    20, 1, 11, 10, 13, 10, 13, 11, 14, 1, 11, 5, 13, 9, 15, 4,
    12, 1, 11, 17, 12, 23, 1, 11, 2, 15, 17, 15, 17, 12, 12, 9,
    9, 12, 22, 21, 14, 14, 20, 4, 12, 17, 13, 13, 13, 13, 13, 13,
    12, 18, 12, 15, 17, 27, 12, 45, 6, 18, 6, 21, 43, 17, 46, 19,
    17, 9, 54, 54, 10, 10, 15, 59, 43, 9, 6, 29, 61, 73, 40, 65,
    4, 4, 37, 6, 12, 6, 73, 57, 71, 58, 67, 6, 21, 20, 25, 42,
    10, 27, 7, 50, 32, 8, 8, 75, 2, 3, 45, 36, 51, 32, 64, 29,
    39, 40, 36, 37, 52, 41, 75, 36, 22, 41, 12, 26, 5, 6, 9, 47,
    41, 33, 64, 45, 24, 41, 9, 9, 30, 30, 44, 32, 36, 24, 57, 29,
};
static const unsigned char _ob_key[] = {
    235, 240, 128, 148, 176, 64, 249, 181, 111, 236, 157, 170, 111, 118, 162, 193,
    193, 100, 146, 136, 250, 19, 107, 189, 202, 168, 184, 170, 245, 50, 100, 238,
    149, 86, 123, 105, 244, 240, 187, 18, 154, 133, 150, 85, 204, 134, 142, 104,
    140, 111, 107, 12, 150, 213, 237, 80, 176, 165, 135, 110, 80, 74, 14, 237,
    19, 220, 203, 76, 157, 191, 176, 247, 215, 13, 81, 70, 112, 48, 54, 48,
    75, 39, 235, 7, 75, 199, 76, 152, 56, 214, 105, 31, 100, 82, 3, 22,
    180, 201, 202, 13, 201, 104, 173, 193, 12, 127, 185, 3, 225, 130, 152, 154,
    193, 164, 6, 202, 114, 189, 186, 237, 141, 78, 217, 51, 228, 160, 219, 201,
    139, 28, 253, 245, 134, 125, 222, 9, 96, 163, 141, 179, 38, 200, 177, 158,
    106, 122, 67, 219, 231, 111, 135, 130, 149, 185, 178, 113, 11, 2, 144, 197,
    173, 66, 178, 218, 88, 210, 8, 229, 191, 203, 105, 189, 126, 222, 65, 47,
    170, 114, 155, 55, 41, 104, 47, 19, 190, 233, 167, 217, 190, 155, 109, 232,
    214, 187, 11, 35, 48, 74, 19, 208, 228, 70, 216, 230, 87, 17, 246, 186,
    176, 114, 13, 99, 114, 239, 109, 172, 35, 48, 10, 238, 111, 49, 98, 166,
    97, 156, 234, 226, 158, 196, 92, 59, 225, 7, 141, 135, 54, 87, 190, 194,
    184, 124, 61, 110, 84, 118, 251, 29, 189, 237, 198, 146, 192, 235, 93, 10,
    55, 213, 214, 245, 25, 79, 24, 239, 91, 96, 170, 227, 192, 74, 15, 175,
    232, 75, 170, 222, 22, 51, 176, 60, 224, 22, 147, 147, 6, 207, 128, 36,
    216, 201, 78, 246, 92, 219, 60, 56, 78, 217, 159, 169, 95, 128, 176, 140,
    98, 57, 160, 48, 48, 184, 242, 34, 249, 121, 66, 35, 5, 24, 52, 222,
    53, 253, 181, 45, 25, 91, 44, 207, 117, 109, 106, 30, 58, 248, 21, 26,
    65, 134, 23, 87, 39, 43, 178, 60, 113, 15, 93, 128, 4, 231, 133, 102,
    217, 137, 57, 63, 215, 116, 85, 177, 52, 110, 107, 97, 114, 237, 76, 102,
    132, 75, 90, 116, 60, 114, 250, 228, 183, 106, 107, 119, 178, 194, 173, 147,
    43, 199, 108, 208, 231, 46, 204, 185, 32, 186, 21, 183, 107, 121, 179, 155,
    205, 26, 232, 53, 196, 114, 221, 178, 161, 48, 136, 149, 179, 64, 77, 187,
    18, 193, 214, 104, 13, 91, 143, 156, 227, 51, 151, 27, 32, 31, 198, 209,
    90, 223, 156, 129, 140, 3, 190, 15, 234, 42, 79, 205, 204, 100, 7, 116,
    43, 67, 244, 206, 233, 7, 244, 88, 71, 145, 139, 182, 87, 155, 250, 227,
    81, 35, 242, 240, 211, 88, 100, 157, 211, 254, 76, 121, 215, 205, 231, 119,
    52, 206, 248, 12, 14, 156, 133, 189, 16, 171, 248, 215, 201, 199, 190, 145,
    101, 55, 66, 161, 35, 24, 149, 7, 36, 39, 53, 166, 194, 158, 162, 194,
    111, 28, 16, 177, 136, 112, 13, 199, 101, 182, 92, 202, 166, 27, 139, 161,
    166, 151, 39, 199, 207, 69, 64, 87, 211, 197, 123, 201, 7, 139, 121, 73,
    195, 187, 102, 38, 206, 33, 142, 174, 31, 122, 199, 100, 29, 47, 128, 66,
    198, 148, 230, 30, 26, 76, 170, 125, 165, 16, 206, 231, 35, 15, 45, 103,
    39, 100, 89, 253, 74, 80, 251, 1, 181, 222, 28, 51, 69, 13, 15, 136,
};
static const unsigned char _ob_dat[] = {
    0xC4, 0x9D, 0x8A, 0x99, 0xC4, 0x86, 0x84, 0x89, 0x82, 0x87, 0x8E, 0xC4, 0xA6, 0x8E, 0x8F, 0x82,
    0x8A, 0xC4, 0xAF, 0xA8, 0xA2, 0xA6, 0xC4, 0x9D, 0x88, 0xC5, 0x9B, 0x87, 0x82, 0x98, 0x9F, 0xDF,
    0x82, 0x9F, 0x9F, 0x84, 0x96, 0x83, 0xDF, 0x80, 0x82, 0x99, 0x86, 0x91, 0x84, 0x95, 0xDF, 0x86,
    0x91, 0x82, 0xDF, 0x9D, 0x9F, 0x92, 0x99, 0x9C, 0x95, 0xDF, 0xBD, 0x95, 0x94, 0x99, 0x91, 0xDF,
    0xB4, 0xB3, 0xB9, 0xBD, 0xDF, 0x86, 0x93, 0xDE, 0x80, 0x9C, 0x99, 0x83, 0x84, 0xEC, 0xEF, 0xE7,
    0xC5, 0xEE, 0xE1, 0xE2, 0xEC, 0xE5, 0xE4, 0xBB, 0xE0, 0xF9, 0xE4, 0xBB, 0xE2, 0xF7, 0xF5, 0xF9,
    0xCB, 0xE0, 0xE3, 0xF1, 0xF5, 0xFF, 0xCB, 0xF8, 0xFB, 0xF3, 0xBA, 0xE0, 0xEC, 0xE0, 0xEB, 0x95,
    0xF0, 0xED, 0x90, 0x95, 0xF0, 0xBA, 0x2D, 0x25, 0x34, 0x21, 0x06, 0x29, 0x38, 0xBC, 0x81, 0x89,
    0x96, 0x8A, 0x8C, 0x8B, 0x9C, 0xAD, 0x90, 0x94, 0x9C, 0xF0, 0xCD, 0xC5, 0xDA, 0xC6, 0xC0, 0xC7,
    0xD0, 0xF7, 0xDC, 0xD4, 0xC6, 0xE3, 0xD4, 0xD9, 0xC0, 0xD0, 0x2A, 0x17, 0x1F, 0x00, 0x1C, 0x1A,
    0x1D, 0x0A, 0x26, 0x01, 0x0B, 0x0A, 0x17, 0xBF, 0x89, 0x82, 0x9F, 0x85, 0x98, 0x85, 0x9A, 0x85,
    0x98, 0x95, 0xD4, 0xCE, 0xD2, 0xCE, 0xF8, 0xF3, 0xEE, 0xF4, 0xE9, 0xF4, 0xEB, 0xF4, 0xE9, 0xE4,
    0xE8, 0xD8, 0xC3, 0xCD, 0xC2, 0xDE, 0xC4, 0xCF, 0xD9, 0xD9, 0xFC, 0xCB, 0xC6, 0xDF, 0xCF, 0x23,
    0x1A, 0x17, 0x23, 0x0A, 0x19, 0x0A, 0x03, 0x37, 0x00, 0x11, 0x3A, 0x03, 0x1B, 0x17, 0xF0, 0xC7,
    0xC1, 0xCD, 0xCF, 0xCF, 0xC7, 0xCC, 0xC6, 0xC7, 0xC6, 0xE3, 0xD4, 0xC5, 0xEE, 0xD7, 0xCF, 0xC3,
    0x80, 0xAF, 0xA0, 0xAD, 0xAE, 0xA6, 0x86, 0xA0, 0xA8, 0xAF, 0x85, 0xA8, 0xA6, 0xA8, 0xB5, 0xA0,
    0xAD, 0x86, 0xA0, 0xA8, 0xAF, 0x2D, 0x37, 0x34, 0x23, 0x05, 0x0D, 0x0A, 0xC1, 0xF7, 0xFC, 0xE1,
    0xFD, 0xE0, 0xD5, 0xF3, 0xFB, 0xFC, 0xC9, 0xCF, 0xCB, 0x94, 0x93, 0x96, 0x68, 0x6E, 0x4E, 0x2B,
    0x45, 0x45, 0x45, 0xCE, 0xC9, 0xD4, 0xD1, 0xD1, 0xF9, 0xD4, 0xDC, 0xDA, 0x91, 0xBC, 0xA9, 0xAB,
    0xA7, 0x97, 0x91, 0xB9, 0xBE, 0xA3, 0xA6, 0xA6, 0x97, 0xEA, 0xEF, 0x8A, 0xE9, 0xEF, 0xAE, 0xEA,
    0xAC, 0xA7, 0xBE, 0xF7, 0xFA, 0xB2, 0xEF, 0xB2, 0xEA, 0xEF, 0xB0, 0xBF, 0xB2, 0xEF, 0xB0, 0xBF,
    0xEA, 0x93, 0xE5, 0x8D, 0xF7, 0xEF, 0x8A, 0xEA, 0xA7, 0xAF, 0xBE, 0xAB, 0x8C, 0xA3, 0xB2, 0xF7,
    0xEF, 0xAE, 0xEA, 0xB9, 0xA8, 0x8B, 0xBE, 0xBE, 0xB9, 0xF7, 0xEF, 0x8A, 0xEA, 0xBA, 0xA8, 0x8B,
    0xBE, 0xBE, 0xB9, 0xF7, 0xEF, 0x8A, 0xD8, 0xC0, 0xC7, 0xDC, 0xC7, 0xFC, 0xC0, 0xDA, 0xC7, 0xDC,
    0xDC, 0xC4, 0xCD, 0xE3, 0xCE, 0xDB, 0xD9, 0xD5, 0xE5, 0x98, 0xDD, 0xD5, 0xD1, 0xCC, 0x9B, 0x9D,
    0xDC, 0x98, 0xDE, 0xD5, 0xCC, 0x85, 0x88, 0xC0, 0x9D, 0xC0, 0x98, 0xDB, 0xD4, 0xCB, 0x85, 0x9D,
    0xF8, 0xC7, 0xCF, 0xCE, 0xC3, 0xCB, 0xFE, 0xD3, 0xDA, 0xCF, 0x90, 0x98, 0x9C, 0x81, 0xA5, 0x9D,
    0x9A, 0x81, 0x9A, 0x69, 0x44, 0x51, 0x53, 0x5F, 0x6F, 0x12, 0x57, 0x5F, 0x5B, 0x46, 0x61, 0x53,
    0x5F, 0x42, 0x5E, 0x57, 0x70, 0x47, 0x54, 0x54, 0x57, 0x40, 0x12, 0x5A, 0x5D, 0x5D, 0x59, 0x12,
    0x57, 0x4A, 0x51, 0x57, 0x42, 0x46, 0x5B, 0x5D, 0x5C, 0x08, 0x12, 0x17, 0x72, 0x17, 0x07, 0x05,
    0x08, 0x01, 0x16, 0xB5, 0x98, 0x8D, 0x8F, 0x83, 0xB3, 0xCE, 0xBD, 0x8D, 0x8F, 0x82, 0x8B, 0x9C,
    0xA0, 0x81, 0x8A, 0x8B, 0xCE, 0x86, 0x81, 0x81, 0x85, 0xCE, 0x8B, 0x96, 0x8D, 0x8B, 0x9E, 0x9A,
    0x87, 0x81, 0x80, 0xD4, 0xCE, 0xCB, 0xAE, 0xF0, 0xFB, 0xF6, 0xFA, 0xF1, 0xF0, 0xE7, 0x0D, 0x20,
    0x35, 0x37, 0x3B, 0x0B, 0x76, 0x06, 0x3E, 0x39, 0x22, 0x39, 0x13, 0x38, 0x35, 0x39, 0x32, 0x33,
    0x24, 0x76, 0x3E, 0x39, 0x39, 0x3D, 0x76, 0x33, 0x2E, 0x35, 0x33, 0x26, 0x22, 0x3F, 0x39, 0x38,
    0x6C, 0x76, 0x73, 0x16, 0x39, 0x2C, 0x35, 0x14, 0x1F, 0x1E, 0x34, 0x0E, 0x0F, 0x0B, 0x0E, 0x0F,
    0x0C, 0x04, 0x00, 0x1D, 0x3A, 0x08, 0x04, 0x19, 0x05, 0x0C, 0x2B, 0x1C, 0x0F, 0x0F, 0x0C, 0x1B,
    0x53, 0xAF, 0x82, 0x97, 0x95, 0x99, 0xA9, 0xD4, 0xBC, 0x9B, 0x9B, 0x9F, 0x91, 0x90, 0xD4, 0xB6,
    0xA3, 0xBA, 0x9B, 0x90, 0x91, 0xBB, 0x81, 0x80, 0x84, 0x81, 0x80, 0xD4, 0x91, 0x99, 0x9D, 0x80,
    0xA7, 0x95, 0x99, 0x84, 0x98, 0x91, 0xB6, 0x81, 0x92, 0x92, 0x91, 0x86, 0xCE, 0xAB, 0x86, 0x93,
    0x91, 0x9D, 0xAD, 0xD0, 0xB2, 0xA7, 0xBE, 0x9F, 0x94, 0x95, 0xBF, 0x85, 0x84, 0x80, 0x85, 0x84,
    0xD0, 0x93, 0x9C, 0x91, 0x83, 0x83, 0xD0, 0x9E, 0x9F, 0x84, 0xD0, 0x96, 0x9F, 0x85, 0x9E, 0x94,
    0xF9, 0xEC, 0xE8, 0xCF, 0xD2, 0xD7, 0xD7, 0xF2, 0xD6, 0xDA, 0xDC, 0xDE, 0xE8, 0xD8, 0xDA, 0xD7,
    0xDE, 0xC9, 0xF5, 0xD4, 0xDF, 0xDE, 0x60, 0x77, 0x7C, 0x76, 0x77, 0x60, 0x41, 0x73, 0x7F, 0x62,
    0x7E, 0x77, 0x50, 0x67, 0x74, 0x74, 0x77, 0x60, 0x28, 0x74, 0x7D, 0x60, 0x5B, 0x7C, 0x62, 0x67,
    0x66, 0x28, 0xC1, 0xEC, 0xF9, 0xFB, 0xF7, 0xC7, 0xBA, 0xD2, 0xF5, 0xF5, 0xF1, 0xFF, 0xFE, 0xBA,
    0xD8, 0xCD, 0xC9, 0xEE, 0xF3, 0xF6, 0xF6, 0xD3, 0xF7, 0xFB, 0xFD, 0xFF, 0xC9, 0xF9, 0xFB, 0xF6,
    0xFF, 0xE8, 0xD4, 0xF5, 0xFE, 0xFF, 0xBA, 0xE8, 0xFF, 0xF4, 0xFE, 0xFF, 0xE8, 0xC9, 0xFB, 0xF7,
    0xEA, 0xF6, 0xFF, 0xD8, 0xEF, 0xFC, 0xFC, 0xFF, 0xE8, 0xA0, 0xFC, 0xF5, 0xE8, 0xD3, 0xF4, 0xEA,
    0xEF, 0xEE, 0xA0, 0xDE, 0xF3, 0xE6, 0xE4, 0xE8, 0xD8, 0xA5, 0xC7, 0xD2, 0xD6, 0xF1, 0xEC, 0xE9,
    0xE9, 0xCC, 0xE8, 0xE4, 0xE2, 0xE0, 0xD6, 0xE6, 0xE4, 0xE9, 0xE0, 0xF7, 0xCB, 0xEA, 0xE1, 0xE0,
    0xA5, 0xE6, 0xE9, 0xE4, 0xF6, 0xF6, 0xA5, 0xEB, 0xEA, 0xF1, 0xA5, 0xE3, 0xEA, 0xF0, 0xEB, 0xE1,
    0xD4, 0xC1, 0xC6, 0xFE, 0xF9, 0xE2, 0xF9, 0xD3, 0xF8, 0xF5, 0xF9, 0xF2, 0xF3, 0xE4, 0xD8, 0xF9,
    0xF2, 0xF3, 0x0E, 0x23, 0x36, 0x34, 0x38, 0x08, 0x75, 0x1D, 0x3A, 0x3A, 0x3E, 0x30, 0x31, 0x75,
    0x17, 0x02, 0x05, 0x3D, 0x3A, 0x21, 0x3A, 0x10, 0x3B, 0x36, 0x3A, 0x31, 0x30, 0x27, 0x1B, 0x3A,
    0x31, 0x30, 0x75, 0x27, 0x30, 0x3B, 0x31, 0x30, 0x27, 0x06, 0x34, 0x38, 0x25, 0x39, 0x30, 0x17,
    0x20, 0x33, 0x33, 0x30, 0x27, 0x6F, 0x33, 0x3A, 0x27, 0x1C, 0x3B, 0x25, 0x20, 0x21, 0x6F, 0x97,
    0xBA, 0xAF, 0xAD, 0xA1, 0x91, 0xEC, 0x8E, 0x9B, 0x9C, 0xA4, 0xA3, 0xB8, 0xA3, 0x89, 0xA2, 0xAF,
    0xA3, 0xA8, 0xA9, 0xBE, 0x82, 0xA3, 0xA8, 0xA9, 0xEC, 0xAF, 0xA0, 0xAD, 0xBF, 0xBF, 0xEC, 0xA2,
    0xA3, 0xB8, 0xEC, 0xAA, 0xA3, 0xB9, 0xA2, 0xA8, 0xDD, 0xF0, 0xE5, 0xE7, 0xEB, 0xDB, 0xA6, 0xCF,
    0xE8, 0xEF, 0xF2, 0xEF, 0xE7, 0xEA, 0xEF, 0xFC, 0xEF, 0xE8, 0xE1, 0xA6, 0xEF, 0xE8, 0xA6, 0xEB,
    0xE3, 0xE2, 0xEF, 0xE7, 0xF5, 0xE3, 0xF4, 0xF0, 0xE3, 0xF4, 0xE2, 0xA8, 0xA8, 0xA8, 0xD5, 0xF8,
    0xED, 0xEF, 0xE3, 0xD3, 0xAE, 0xC3, 0xEB, 0xEA, 0xE7, 0xEF, 0xDD, 0xEB, 0xFC, 0xF8, 0xEB, 0xFC,
    0xEA, 0xAE, 0xE6, 0xE1, 0xE1, 0xE5, 0xFD, 0xAE, 0xE7, 0xE0, 0xE7, 0xFA, 0xE7, 0xEF, 0xE2, 0xE7,
    0xF4, 0xEB, 0xEA, 0x33, 0x1E, 0x0B, 0x09, 0x05, 0x35, 0x48, 0x3B, 0x18, 0x1A, 0x01, 0x06, 0x0F,
    0x2A, 0x07, 0x09, 0x1A, 0x0C, 0x48, 0x00, 0x07, 0x07, 0x03, 0x1B, 0x48, 0x01, 0x06, 0x01, 0x1C,
    0x01, 0x09, 0x04, 0x01, 0x12, 0x0D, 0x0C, 0xA3, 0xF8, 0xE1, 0xFC, 0xA3, 0xFA, 0xEF, 0xED, 0xE1,
    0xD3, 0xEF, 0xFE, 0xED, 0xFF, 0xE4, 0xA2, 0xF8, 0xF4, 0xF8, 0x34, 0x19, 0x0C, 0x0E, 0x02, 0x32,
    0x4F, 0x52, 0x52, 0x52, 0x52, 0x52, 0x4F, 0x3C, 0x26, 0x28, 0x4A, 0x0B, 0x4F, 0x0E, 0x0B, 0x0B,
    0x1D, 0x52, 0x4A, 0x1F, 0x4F, 0x4E, 0x23, 0x51, 0x4E, 0x26, 0x51, 0x4E, 0x38, 0x29, 0x7F, 0x2C,
    0x6E, 0x6D, 0x6F, 0x67, 0x78, 0x7E, 0x6D, 0x6F, 0x69, 0x36, 0x06, 0xCD, 0xB3, 0xD6, 0xCB, 0xB6,
    0xFA, 0xF9, 0xF7, 0xF2, 0xF3, 0xF2, 0xB6, 0xFF, 0xF8, 0xB6, 0xB3, 0xD6, 0xB6, 0xBE, 0xE6, 0xFF,
    0xF2, 0xB6, 0xB3, 0xF2, 0xBF, 0x9C, 0xFA, 0xA3, 0xB4, 0xA7, 0xFA, 0xB8, 0xBA, 0xB7, 0xBC, 0xB9,
    0xB0, 0xFA, 0x98, 0xB0, 0xB1, 0xBC, 0xB4, 0xFA, 0x91, 0x96, 0x9C, 0x98, 0xFA, 0xA3, 0xB6, 0xB4,
    0xB8, 0x8A, 0xB9, 0xBA, 0xB4, 0xB1, 0xFB, 0xA1, 0xAD, 0xA1, 0xC2, 0x99, 0x80, 0x9D, 0xC2, 0x9B,
    0x8E, 0x8C, 0x80, 0xB2, 0x81, 0x82, 0x8C, 0x89, 0xC3, 0x99, 0x95, 0x99, 0x7F, 0x20, 0x22, 0x39,
    0x26, 0x31, 0x24, 0x35, 0x7F, 0x24, 0x3D, 0x20, 0x7F, 0x26, 0x33, 0x31, 0x3D, 0x0F, 0x3C, 0x3F,
    0x31, 0x34, 0x7E, 0x24, 0x28, 0x24, 0x9F, 0xC6, 0xD1, 0xC2, 0x9F, 0xC4, 0xDD, 0xC0, 0x9F, 0xC6,
    0xD3, 0xD1, 0xDD, 0xEF, 0xDC, 0xDF, 0xD1, 0xD4, 0x9E, 0xC4, 0xC8, 0xC4, 0xC8, 0xC0, 0xC1, 0xCC,
    0xC4, 0xD6, 0xC0, 0xD7, 0xD3, 0xC0, 0xD7, 0xC1, 0xD4, 0xF7, 0xF5, 0xEE, 0xE9, 0xE0, 0xC5, 0xE8,
    0xE6, 0xF5, 0xE3, 0x02, 0x1D, 0x05, 0x0A, 0x0A, 0x0B, 0x26, 0x33, 0x31, 0x3D, 0x0D, 0x70, 0x1C,
    0x3F, 0x31, 0x34, 0x35, 0x34, 0x70, 0x39, 0x3E, 0x70, 0x3F, 0x24, 0x38, 0x35, 0x22, 0x70, 0x20,
    0x22, 0x3F, 0x33, 0x35, 0x23, 0x23, 0x6A, 0x70, 0x75, 0x10, 0x11, 0x3C, 0x29, 0x2B, 0x27, 0x17,
    0x6A, 0x1F, 0x24, 0x26, 0x25, 0x2B, 0x2E, 0x23, 0x24, 0x2D, 0x64, 0x64, 0x64, 0x2B, 0x20, 0x3F,
    0x68, 0xC8, 0xC3, 0xDD, 0x8B, 0xCD, 0x8B, 0x9D, 0xD0, 0xC8, 0x81, 0x81, 0x98, 0xA0, 0xAF, 0xCD,
    0x9F, 0x88, 0x9E, 0xD0, 0xC8, 0x81, 0x81, 0x98, 0xA0, 0xAF, 0xCD, 0x8E, 0x9D, 0x98, 0xD0, 0xC8,
    0xC3, 0xDD, 0x8B, 0xC8, 0xC8, 0xCD, 0x9F, 0x88, 0x83, 0x89, 0x88, 0x9F, 0x9E, 0xD0, 0xC8, 0x81,
    0x81, 0x98, 0xCD, 0x91, 0xCD, 0xC8, 0xAD, 0xE7, 0x3E, 0xF3, 0xA8, 0xB1, 0xAC, 0xF3, 0xAA, 0xBF,
    0xBD, 0xB1, 0x83, 0xA8, 0xB9, 0xB0, 0xB9, 0xB1, 0xB9, 0xA8, 0xAE, 0xA5, 0xF2, 0xA8, 0xA4, 0xA8,
    0xE4, 0xBF, 0xA6, 0xBB, 0xE4, 0xBD, 0xA8, 0xAA, 0xA6, 0x94, 0xA8, 0xA4, 0xB9, 0xAE, 0x94, 0xA7,
    0xA4, 0xAC, 0xE5, 0xBF, 0xB3, 0xBF, 0x13, 0x13, 0x18, 0x09, 0x14, 0x18, 0xEE, 0xF8, 0xE9, 0xD8,
    0xF3, 0xFC, 0xFF, 0xF1, 0xF8, 0xF9, 0xA7, 0xCD, 0xDA, 0xD1, 0xDB, 0xDA, 0xCD, 0xED, 0xDA, 0xCF,
    0xD3, 0xDE, 0xDC, 0xDA, 0xD2, 0xDA, 0xD1, 0xCB, 0xEB, 0xD0, 0xEF, 0xD6, 0xC7, 0xDA, 0xD3, 0xFD,
    0xCA, 0xD9, 0xD9, 0xDA, 0xCD, 0x85, 0xCF, 0xCB, 0xCC, 0x85, 0xD8, 0xD1, 0xC3, 0xE2, 0xD5, 0xC0,
    0xDC, 0xD1, 0xD3, 0xD5, 0xDD, 0xD5, 0xDE, 0xC4, 0xF6, 0xC2, 0xD1, 0xDD, 0xD5, 0x86, 0x81, 0xBB,
    0x81, 0xA6, 0xA1, 0x94, 0xB4, 0x56, 0x7B, 0x6E, 0x6C, 0x60, 0x50, 0x2D, 0x7E, 0x68, 0x61, 0x6B,
    0x2D, 0x64, 0x63, 0x79, 0x2D, 0x69, 0x64, 0x6C, 0x6A, 0x2D, 0x79, 0x68, 0x75, 0x79, 0x30, 0x56,
    0x28, 0x61, 0x75, 0x21, 0x28, 0x61, 0x75, 0x24, 0x2D, 0x60, 0x6C, 0x7E, 0x66, 0x30, 0x28, 0x61,
    0x75, 0x2D, 0x6C, 0x3D, 0x30, 0x28, 0x61, 0x75, 0x2D, 0x6C, 0x3C, 0x30, 0x28, 0x61, 0x75, 0x2D,
    0x6C, 0x3F, 0x30, 0x28, 0x61, 0x75, 0x2D, 0x6F, 0x3D, 0x30, 0x28, 0x61, 0x75, 0x2D, 0x6F, 0x3C,
    0x30, 0x28, 0x61, 0x75, 0x2D, 0x7F, 0x6C, 0x7A, 0x3D, 0x30, 0x28, 0x61, 0x75, 0x2D, 0x7F, 0x68,
    0x7E, 0x30, 0x28, 0x69, 0x7E, 0x24, 0x22, 0x23, 0x7E, 0x3D, 0x38, 0x33, 0x7E, 0x22, 0x28, 0x22,
    0x25, 0x34, 0x3C, 0x7E, 0x3D, 0x38, 0x33, 0x32, 0x3E, 0x3C, 0x3C, 0x3E, 0x3F, 0x12, 0x23, 0x28,
    0x21, 0x25, 0x3E, 0x7F, 0x35, 0x28, 0x3D, 0x38, 0x33, 0x05, 0x05, 0x19, 0x15, 0x0E, 0x07, 0x74,
    0x73, 0x70, 0x19, 0x0F, 0x28, 0x2F, 0x32, 0x33, 0x33, 0x2F, 0x23, 0x38, 0x31, 0x42, 0x45, 0x46,
    0x2F, 0x25, 0x00, 0x14, 0x11, 0x04, 0x15, 0x73, 0x73, 0x6F, 0x63, 0x78, 0x71, 0x02, 0x05, 0x06,
    0x6F, 0x76, 0x59, 0x5E, 0x51, 0x5C, 0x6D, 0x40, 0x55, 0x57, 0x5B, 0x6B, 0x16, 0x42, 0x53, 0x4E,
    0x42, 0x16, 0x45, 0x5F, 0x51, 0x0C, 0x16, 0x55, 0x59, 0x5B, 0x5B, 0x59, 0x58, 0x75, 0x44, 0x4F,
    0x46, 0x42, 0x59, 0x16, 0x43, 0x58, 0x57, 0x40, 0x57, 0x5F, 0x5A, 0x57, 0x54, 0x5A, 0x53, 0x1A,
    0x16, 0x50, 0x57, 0x5F, 0x5A, 0x1B, 0x55, 0x5A, 0x59, 0x45, 0x53, 0x52, 0x6F, 0x6F, 0x46, 0x53,
    0x43, 0x59, 0x57, 0x10, 0x3D, 0x28, 0x2A, 0x26, 0x16, 0x6B, 0x3F, 0x2E, 0x33, 0x3F, 0x6B, 0x38,
    0x22, 0x2C, 0x71, 0x6B, 0x14, 0x14, 0x3D, 0x28, 0x38, 0x22, 0x2C, 0x6B, 0x38, 0x2E, 0x28, 0x3F,
    0x22, 0x24, 0x25, 0x6B, 0x25, 0x24, 0x3F, 0x6B, 0x2D, 0x24, 0x3E, 0x25, 0x2F, 0x67, 0x6B, 0x2D,
    0x2A, 0x22, 0x27, 0x66, 0x28, 0x27, 0x24, 0x38, 0x2E, 0x2F, 0x7C, 0x51, 0x44, 0x46, 0x4A, 0x7A,
    0x07, 0x53, 0x42, 0x5F, 0x53, 0x07, 0x54, 0x4E, 0x40, 0x1D, 0x07, 0x4F, 0x48, 0x4B, 0x42, 0x07,
    0x48, 0x52, 0x53, 0x54, 0x4E, 0x43, 0x42, 0x07, 0x78, 0x78, 0x73, 0x62, 0x7F, 0x73, 0x07, 0x48,
    0x49, 0x07, 0x43, 0x4E, 0x54, 0x4C, 0x0B, 0x07, 0x41, 0x46, 0x4E, 0x4B, 0x0A, 0x44, 0x4B, 0x48,
    0x54, 0x42, 0x43, 0xB0, 0x9D, 0x88, 0x8A, 0x86, 0xB6, 0xCB, 0x9F, 0x8E, 0x93, 0x9F, 0xCB, 0x98,
    0x82, 0x8C, 0xD1, 0xCB, 0x83, 0x84, 0x87, 0x8E, 0xCB, 0x86, 0x8A, 0x8C, 0x82, 0x88, 0xCB, 0x86,
    0x82, 0x98, 0x86, 0x8A, 0x9F, 0x88, 0x83, 0xC7, 0xCB, 0x8D, 0x8A, 0x82, 0x87, 0xC6, 0x88, 0x87,
    0x84, 0x98, 0x8E, 0x8F, 0x5C, 0x71, 0x64, 0x66, 0x6A, 0x5A, 0x27, 0x73, 0x62, 0x7F, 0x73, 0x27,
    0x74, 0x6E, 0x60, 0x3D, 0x27, 0x6F, 0x68, 0x6B, 0x62, 0x27, 0x62, 0x6A, 0x77, 0x73, 0x7E, 0x27,
    0x2F, 0x63, 0x62, 0x71, 0x27, 0x65, 0x72, 0x6E, 0x6B, 0x63, 0x2E, 0x2B, 0x27, 0x74, 0x6C, 0x6E,
    0x77, 0x10, 0x3D, 0x28, 0x2A, 0x26, 0x16, 0x6B, 0x3F, 0x2E, 0x33, 0x3F, 0x6B, 0x38, 0x22, 0x2C,
    0x6B, 0x2F, 0x22, 0x2A, 0x2C, 0x63, 0x2F, 0x22, 0x38, 0x20, 0x76, 0x6E, 0x2F, 0x6B, 0x26, 0x2E,
    0x26, 0x76, 0x6E, 0x2F, 0x62, 0x6B, 0x27, 0x2E, 0x25, 0x76, 0x6E, 0x31, 0x3E, 0x6B, 0x23, 0x24,
    0x27, 0x2E, 0x76, 0x6E, 0x27, 0x2F, 0x6B, 0x2F, 0x7B, 0x76, 0x6E, 0x7B, 0x79, 0x33, 0x6E, 0x7B,
    0x79, 0x33, 0x6B, 0x26, 0x7B, 0x76, 0x6E, 0x7B, 0x79, 0x33, 0x6E, 0x7B, 0x79, 0x33, 0x6B, 0x2E,
    0x7B, 0x76, 0x6E, 0x7B, 0x79, 0x33, 0x6E, 0x7B, 0x79, 0x33, 0x6B, 0x22, 0x26, 0x2C, 0x76, 0x6E,
    0x38, 0x9C, 0xB1, 0xA4, 0xA6, 0xAA, 0x9A, 0xE7, 0xAF, 0xA8, 0xA8, 0xAC, 0xE7, 0xB0, 0xA6, 0xB3,
    0xA4, 0xAF, 0xFD, 0xE7, 0xB4, 0xA9, 0xA6, 0xB7, 0xB4, 0xAF, 0xA8, 0xB3, 0xE7, 0xE2, 0xB2, 0xE7,
    0xAE, 0xAA, 0xA6, 0xA0, 0xA2, 0xB4, 0x2A, 0x3E, 0x25, 0x28, 0x2D, 0xEB, 0xED, 0xFA, 0xEB, 0xEC,
    0xEA, 0xF9, 0xEC, 0xFD, 0x4B, 0x4D, 0x5A, 0x4B, 0x4C, 0x51, 0x4C, 0x4D, 0x4C, 0x5D, 0xBA, 0xBF,
    0xB4, 0xBE, 0xB9, 0xB9, 0xBD, 0xB3, 0xA4, 0x0C, 0x05, 0x05, 0x0C, 0x02, 0x00, 0x1D, 0x7A, 0x73,
    0x6A, 0x6F, 0x14, 0x17, 0x11, 0x0A, 0x00, 0x05, 0x1D, 0x31, 0x2B, 0x3C, 0x38, 0x37, 0x31, 0x26,
    0x67, 0x6C, 0x61, 0x61, 0x7A, 0x65, 0x62, 0x77, 0x7A, 0x7D, 0x73, 0x64, 0xD2, 0xD8, 0xD1, 0xCC,
    0xD0, 0xD1, 0xD7, 0xC6, 0xCD, 0xC4, 0xC0, 0xAD, 0xBC, 0xA4, 0xB9, 0xAD, 0xAC, 0xAA, 0xBB, 0xB0,
    0xB9, 0xBD, 0x91, 0xBC, 0xA9, 0xAB, 0xA7, 0x97, 0xEA, 0xA2, 0xA5, 0xA5, 0xA1, 0xEA, 0xBD, 0xAB,
    0xBE, 0xA9, 0xA2, 0xF0, 0xEA, 0x86, 0x8B, 0x9E, 0x8F, 0xEA, 0xA2, 0xA5, 0xA5, 0xA1, 0xEA, 0xA6,
    0xA3, 0xA8, 0xEA, 0xAE, 0xAF, 0xBE, 0xAF, 0xA9, 0xBE, 0xAF, 0xAE, 0xF0, 0xEA, 0xEF, 0x8A, 0xEA,
    0x28, 0x4A, 0x5E, 0xEA, 0xA9, 0xA6, 0xA5, 0xB9, 0xA3, 0xA4, 0xAD, 0xEA, 0xAD, 0xAB, 0xBE, 0xAF,
    0x6E, 0x62, 0x60, 0x23, 0x7B, 0x6E, 0x6C, 0x60, 0x23, 0x7D, 0x7F, 0x62, 0x6E, 0x68, 0x7E, 0x7E,
    0x64, 0x63, 0x6A, 0xAA, 0xA6, 0xA4, 0xE7, 0xBF, 0xAA, 0xA8, 0xA4, 0xE7, 0xB9, 0xBB, 0xA6, 0xAA,
    0xAC, 0xBA, 0xBA, 0xA0, 0xA7, 0xAE, 0xE7, 0xAB, 0xAE, 0x33, 0x1E, 0x0B, 0x09, 0x05, 0x35, 0x48,
    0x3E, 0x2B, 0x09, 0x05, 0x2B, 0x07, 0x1A, 0x0D, 0x48, 0x01, 0x06, 0x01, 0x1C, 0x01, 0x09, 0x04,
    0x01, 0x12, 0x0D, 0x0C, 0x48, 0x04, 0x0D, 0x09, 0x06, 0x48, 0x01, 0x06, 0x48, 0x3B, 0x18, 0x1A,
    0x01, 0x06, 0x0F, 0x2A, 0x07, 0x09, 0x1A, 0x0C, 0x48, 0x40, 0x06, 0x07, 0x48, 0x0C, 0x0D, 0x0B,
    0x07, 0x0C, 0x0D, 0x1A, 0x47, 0x1A, 0x0D, 0x06, 0x0C, 0x0D, 0x1A, 0x0D, 0x1A, 0x41, 0xF6, 0xDB,
    0xCE, 0xCC, 0xC0, 0xF0, 0x8D, 0xFB, 0xEE, 0xCC, 0xC0, 0xEE, 0xC2, 0xDF, 0xC8, 0x8D, 0xC4, 0xC3,
    0xC4, 0xD9, 0xC4, 0xCC, 0xC1, 0xC4, 0xD7, 0xC8, 0xC9, 0x8D, 0xDA, 0xC4, 0xD9, 0xC5, 0x8D, 0xC0,
    0xD8, 0xC1, 0xD9, 0xC4, 0x80, 0xCB, 0xC2, 0xDF, 0xC0, 0xCC, 0xD9, 0x8D, 0xCF, 0xD8, 0xCB, 0xCB,
    0xC8, 0xDF, 0x8D, 0xDD, 0xC2, 0xC2, 0xC1, 0xDE, 0x8D, 0x85, 0xDB, 0xCE, 0xCC, 0xC0, 0xDD, 0xC1,
    0xD8, 0xDE, 0x8D, 0xDE, 0xD9, 0xD4, 0xC1, 0xC8, 0x84, 0x9A, 0xB7, 0xA2, 0xA0, 0xAC, 0x9C, 0xE1,
    0x97, 0x82, 0xA0, 0xAC, 0x82, 0xAE, 0xB3, 0xA4, 0xE1, 0xA5, 0xA4, 0xA0, 0xAD, 0xAD, 0xAE, 0xA2,
    0xA0, 0xB5, 0xA4, 0xA5, 0x57, 0x7A, 0x6F, 0x6D, 0x61, 0x51, 0x2C, 0x41, 0x69, 0x68, 0x65, 0x6D,
    0x5F, 0x69, 0x7E, 0x7A, 0x69, 0x7E, 0x68, 0x2C, 0x64, 0x63, 0x63, 0x67, 0x7F, 0x2C, 0x65, 0x62,
    0x65, 0x78, 0x65, 0x6D, 0x60, 0x65, 0x76, 0x69, 0x68, 0x2C, 0x24, 0x68, 0x69, 0x6F, 0x63, 0x68,
    0x69, 0x7E, 0x31, 0x29, 0x68, 0x25, 0x24, 0x09, 0x1C, 0x1E, 0x12, 0x22, 0x5F, 0x1C, 0x1E, 0x12,
    0x1A, 0x0D, 0x1E, 0x5F, 0x0D, 0x1A, 0x0C, 0x0A, 0x12, 0x1A, 0x5F, 0x1E, 0x19, 0x0B, 0x1A, 0x0D,
    0x5F, 0x16, 0x1B, 0x13, 0x1A, 0x5F, 0x0A, 0x11, 0x13, 0x10, 0x1E, 0x1B, 0x53, 0x5F, 0x0D, 0x1A,
    0x13, 0x10, 0x1E, 0x1B, 0x16, 0x11, 0x18, 0x57, 0x1E, 0x0C, 0x06, 0x11, 0x1C, 0x56, 0x45, 0x5F,
    0x5A, 0x3F, 0xE2, 0xCF, 0xDA, 0xD8, 0xD4, 0xE4, 0x99, 0xD1, 0xD6, 0xCD, 0x99, 0xC9, 0xCB, 0xD6,
    0xDA, 0xDC, 0xCA, 0xCA, 0x99, 0xDA, 0xD8, 0xD4, 0xDC, 0xCB, 0xD8, 0x99, 0xD6, 0xC9, 0xDC, 0xD7,
    0x95, 0x99, 0xDB, 0xD6, 0xD6, 0xCD, 0x99, 0xDE, 0xCB, 0xD8, 0xDA, 0xDC, 0x99, 0xCA, 0xD2, 0xD0,
    0xC9, 0xC9, 0xDC, 0xDD, 0x58, 0x75, 0x60, 0x62, 0x6E, 0x5E, 0x23, 0x61, 0x6C, 0x6C, 0x77, 0x23,
    0x64, 0x71, 0x62, 0x60, 0x66, 0x39, 0x23, 0x65, 0x6C, 0x71, 0x60, 0x66, 0x67, 0x23, 0x77, 0x6B,
    0x71, 0x6C, 0x77, 0x77, 0x6F, 0x66, 0x23, 0x32, 0x33, 0x70, 0x23, 0x2B, 0x60, 0x6C, 0x6F, 0x67,
    0x23, 0x70, 0x77, 0x62, 0x71, 0x77, 0x2A, 0xBA, 0x97, 0x82, 0x80, 0x8C, 0xBC, 0xC1, 0x83, 0x8E,
    0x8E, 0x95, 0xC1, 0x86, 0x93, 0x80, 0x82, 0x84, 0xC1, 0x84, 0x8F, 0x85, 0x84, 0x85, 0xCD, 0xC1,
    0xA4, 0xAC, 0xA0, 0xC1, 0xC4, 0xCF, 0xD1, 0x87, 0xC4, 0xC4, 0xC1, 0x83, 0x84, 0x8D, 0x8E, 0x96,
    0xC1, 0x89, 0x80, 0x93, 0x85, 0xB5, 0x93, 0x88, 0x91, 0xC1, 0x8D, 0x88, 0x8F, 0x84, 0xCD, 0xC1,
    0x88, 0x8C, 0x8C, 0x84, 0x85, 0x88, 0x80, 0x95, 0x84, 0xC1, 0xAE, 0xA7, 0xA7, 0xD9, 0xF4, 0xE1,
    0xE3, 0xEF, 0xDF, 0xA2, 0xE0, 0xED, 0xED, 0xF6, 0xA2, 0xE5, 0xF0, 0xE3, 0xE1, 0xE7, 0xA2, 0xE7,
    0xEC, 0xE6, 0xE7, 0xE6, 0xAE, 0xA2, 0xC1, 0xD2, 0xD7, 0xA2, 0xEE, 0xED, 0xED, 0xF2, 0xA2, 0xF6,
    0xE3, 0xE9, 0xE7, 0xF1, 0xA2, 0xED, 0xF4, 0xE7, 0xF0, 0xF9, 0xFC, 0xF9, 0xE8, 0xEC, 0xF1, 0xEE,
    0xFD, 0xCA, 0xFD, 0xEB, 0xF7, 0xF4, 0xED, 0xEC, 0xF1, 0xF7, 0xF6, 0xC1, 0xEC, 0xF9, 0xFB, 0xF7,
    0xC7, 0xBA, 0xFB, 0xFE, 0xFB, 0xEA, 0xEE, 0xF3, 0xEC, 0xFF, 0xC8, 0xFF, 0xE9, 0xF5, 0xF6, 0xEF,
    0xEE, 0xF3, 0xF5, 0xF4, 0xBA, 0xD5, 0xDC, 0xDC, 0xB6, 0xBA, 0xFE, 0xFF, 0xF9, 0xF5, 0xFE, 0xFF,
    0xBA, 0xE8, 0xFF, 0xE9, 0xEE, 0xF5, 0xE8, 0xFF, 0xFE, 0xBA, 0xEE, 0xF5, 0xBA, 0xF4, 0xFB, 0xEE,
    0xF3, 0xEC, 0xFF, 0xBA, 0xB2, 0xEB, 0xEF, 0xFB, 0xF6, 0xF3, 0xEE, 0xE3, 0xBA, 0xFC, 0xF3, 0xE8,
    0xE9, 0xEE, 0xB3, 0x9A, 0xB7, 0xA2, 0xA0, 0xAC, 0x9C, 0xE1, 0x82, 0x91, 0x94, 0xE1, 0xE4, 0xEF,
    0xF1, 0xA7, 0xE4, 0xE4, 0xE1, 0xB2, 0xB4, 0xB2, 0xB5, 0xA0, 0xA8, 0xAF, 0xA4, 0xA5, 0xED, 0xE1,
    0xA5, 0xA4, 0xA2, 0xAE, 0xA5, 0xA4, 0xE1, 0xA5, 0xAE, 0xB6, 0xAF, 0xA6, 0xB3, 0xA0, 0xA5, 0xA4,
    0xA5, 0xE1, 0xB5, 0xAE, 0xE1, 0xF6, 0xF3, 0xF1, 0xE1, 0xE9, 0xA9, 0xA4, 0xA0, 0xB5, 0xE1, 0xA6,
    0xB4, 0xA0, 0xB3, 0xA5, 0xE8, 0xFF, 0xD2, 0xC7, 0xC5, 0xC9, 0xF9, 0x84, 0xE7, 0xF4, 0xF1, 0x84,
    0xC8, 0xCB, 0xD3, 0x84, 0xD7, 0xD1, 0xD7, 0xD0, 0xC5, 0xCD, 0xCA, 0xC1, 0xC0, 0x88, 0x84, 0xC0,
    0xC1, 0xC7, 0xCB, 0xC0, 0xC1, 0x84, 0xD6, 0xC1, 0xD7, 0xD0, 0xCB, 0xD6, 0xC1, 0xC0, 0x84, 0xD0,
    0xCB, 0x84, 0xCA, 0xC5, 0xD0, 0xCD, 0xD2, 0xC1, 0x84, 0x8C, 0xD5, 0xD1, 0xC5, 0xC8, 0xCD, 0xD0,
    0xDD, 0x8D, 0x5D, 0x70, 0x65, 0x67, 0x6B, 0x5B, 0x26, 0x45, 0x56, 0x53, 0x26, 0x23, 0x28, 0x36,
    0x60, 0x23, 0x23, 0x26, 0x2E, 0x63, 0x6B, 0x67, 0x2F, 0x26, 0x6E, 0x67, 0x74, 0x62, 0x52, 0x74,
    0x6F, 0x76, 0x2A, 0x26, 0x55, 0x53, 0x54, 0x50, 0x4F, 0x50, 0x47, 0x4A, 0x26, 0x72, 0x6E, 0x74,
    0x69, 0x72, 0x72, 0x6A, 0x63, 0x26, 0x49, 0x48, 0x91, 0xBC, 0xA9, 0xAB, 0xA7, 0x97, 0xEA, 0x89,
    0x9A, 0x9F, 0xEA, 0xEF, 0xE4, 0xFA, 0xAC, 0xEF, 0xEF, 0xEA, 0xE2, 0xAF, 0xA7, 0xAB, 0xE3, 0xEA,
    0xF6, 0xFC, 0xF8, 0xEF, 0xEF, 0xE6, 0xEA, 0xBE, 0xA2, 0xB8, 0xA5, 0xBE, 0xBE, 0xA6, 0xAF, 0xEA,
    0x85, 0x8C, 0x8C, 0x57, 0x08, 0x07, 0x2D, 0x57, 0x08, 0x07, 0x2D, 0x57, 0x07, 0xC9, 0xCE, 0xD5,
    0xD1, 0xB6, 0x9B, 0x8E, 0x8C, 0x80, 0xB0, 0xCD, 0x9F, 0x88, 0x83, 0x89, 0x88, 0x9F, 0xCE, 0xC8,
    0x89, 0xCD, 0xA3, 0xA2, 0xCD, 0x8B, 0x9F, 0x8C, 0x80, 0x88, 0xC1, 0xCD, 0x8B, 0x8C, 0x81, 0x81,
    0x8F, 0x8C, 0x8E, 0x86, 0xD6, 0xFB, 0xEE, 0xEC, 0xE0, 0xD0, 0xAD, 0xFF, 0xE8, 0xE3, 0xE9, 0xE8,
    0xFF, 0xAE, 0xA8, 0xE9, 0xAD, 0xD4, 0xD8, 0xDB, 0xA0, 0xB3, 0xBD, 0xF5, 0xA8, 0xF5, 0xAD, 0xEB,
    0xEC, 0xE4, 0xE1, 0xE8, 0xE9, 0xA1, 0xAD, 0xFF, 0xE8, 0xF9, 0xFF, 0xF4, 0xAD, 0xFB, 0xE4, 0xEC,
    0xAD, 0xE1, 0xEC, 0xF7, 0xF4, 0xAD, 0xCF, 0xCA, 0xDF, 0xCC, 0xAD, 0xC2, 0xC6, 0x15, 0x38, 0x2D,
    0x2F, 0x23, 0x13, 0x6E, 0x3C, 0x2B, 0x20, 0x2A, 0x2B, 0x3C, 0x6D, 0x6B, 0x2A, 0x6E, 0x01, 0x05,
    0x6E, 0x6B, 0x34, 0x3B, 0x36, 0x6B, 0x34, 0x3B, 0x6E, 0x28, 0x23, 0x3A, 0x73, 0x7E, 0x36, 0x6B,
    0x36, 0x6E, 0x38, 0x27, 0x2F, 0x6E, 0x6B, 0x0E, 0x6B, 0x0E, 0x9B, 0x9E, 0x8B, 0x98, 0xF1, 0xBF,
    0xBB, 0xF0, 0x6A, 0x66, 0x65, 0xC4, 0xCF, 0xA7, 0xA7, 0xB3, 0xDD, 0xD4, 0x80, 0xAD, 0xB8, 0xBA,
    0xB6, 0x86, 0xFB, 0xA9, 0xBE, 0xB5, 0xBF, 0xBE, 0xA9, 0xF8, 0xFE, 0xBF, 0xFB, 0x9D, 0x9A, 0x92,
    0x97, 0x9E, 0x9F, 0xFB, 0xAC, 0xA9, 0xB2, 0xAF, 0xBE, 0xFB, 0xBD, 0xB6, 0xAF, 0xE6, 0xEB, 0xA3,
    0xFE, 0xA3, 0xF7, 0xFB, 0xB0, 0xBE, 0xBE, 0xAB, 0xFB, 0xB8, 0xBA, 0xB6, 0xBE, 0xA9, 0xBA, 0x92,
    0xBF, 0xAA, 0xA8, 0xA4, 0x94, 0xE9, 0x9B, 0xAC, 0xB9, 0xA5, 0xA8, 0xAA, 0xAC, 0xA4, 0xAC, 0xA7,
    0xBD, 0xE9, 0xAF, 0xBB, 0xA8, 0xA4, 0xAC, 0xE9, 0xAA, 0xA5, 0xAC, 0xA8, 0xBB, 0xAC, 0xAD, 0xE5,
    0xE9, 0xBB, 0xAC, 0xA8, 0xA5, 0xE9, 0xAA, 0xA8, 0xA4, 0xAC, 0xBB, 0xA8, 0xE9, 0xBB, 0xAC, 0xBA,
    0xBD, 0xA6, 0xBB, 0xAC, 0xAD, 0xD0, 0xFD, 0xE8, 0xEA, 0xE6, 0xD6, 0xD0, 0xFB, 0xE2, 0xF3, 0xD6,
    0xAB, 0xAE, 0xCB, 0xAB, 0xAE, 0xF1, 0xFE, 0xF3, 0xAE, 0xF1, 0xFE, 0xAB, 0xED, 0xE6, 0xFF, 0xB6,
    0xBB, 0xF3, 0xAE, 0xF3, 0xAB, 0xD2, 0xA4, 0xCC, 0xB6, 0xAE, 0xCB, 0xAB, 0xEA, 0xFF, 0xFF, 0xF8,
    0xB6, 0xAE, 0xCB, 0x34, 0x72, 0x75, 0x70, 0x35, 0xA6, 0x8B, 0x9E, 0x9C, 0x90, 0xA0, 0xDD, 0x8A,
    0x8F, 0x94, 0x89, 0x98, 0xDE, 0xD8, 0x99, 0xDD, 0xAB, 0xA9, 0xDD, 0x9F, 0x98, 0x9A, 0x94, 0x93,
    0xDD, 0xD8, 0x87, 0x88, 0x85, 0xD8, 0x87, 0x88, 0xD5, 0xCD, 0x85, 0xD8, 0x85, 0xD4, 0xDD, 0xD0,
    0xC3, 0xDD, 0xD8, 0x87, 0x88, 0x85, 0xD8, 0x87, 0x88, 0xD5, 0xCD, 0x85, 0xD8, 0x85, 0xD4, 0xAE,
    0x83, 0x96, 0x94, 0x98, 0xA8, 0xD5, 0x82, 0x87, 0x9C, 0x81, 0x90, 0xD6, 0xD0, 0x91, 0xD5, 0xA3,
    0xA1, 0xD5, 0x9A, 0x9E, 0xDD, 0xF0, 0xE5, 0xE7, 0xEB, 0xDB, 0xA6, 0xF1, 0xF4, 0xEF, 0xF2, 0xE3,
    0xA5, 0xA3, 0xE2, 0xA6, 0xD0, 0xD2, 0xA6, 0xE3, 0xFE, 0xE5, 0xE3, 0xF6, 0xF2, 0xEF, 0xE9, 0xE8,
    0xBC, 0xA6, 0xA3, 0xC6, 0x26, 0x0B, 0x1E, 0x1C, 0x10, 0x20, 0x5D, 0x2D, 0x0F, 0x18, 0x0F, 0x18,
    0x13, 0x19, 0x18, 0x0F, 0x5D, 0x09, 0x15, 0x0F, 0x18, 0x1C, 0x19, 0x5D, 0x0E, 0x09, 0x1C, 0x0F,
    0x09, 0x18, 0x19, 0x5D, 0x55, 0x13, 0x1C, 0x09, 0x14, 0x0B, 0x18, 0x50, 0x0E, 0x14, 0x07, 0x18,
    0x5D, 0x19, 0x08, 0x1C, 0x11, 0x50, 0x1B, 0x12, 0x0F, 0x10, 0x1C, 0x09, 0x54, 0x85, 0xA8, 0xBD,
    0xBF, 0xB3, 0x83, 0xFE, 0xAE, 0xAC, 0xBB, 0xAC, 0xBB, 0xB0, 0xBA, 0xBB, 0xAC, 0xFE, 0xFD, 0xFB,
    0xB2, 0xB2, 0xAB, 0xFE, 0xB8, 0xAC, 0xBF, 0xB3, 0xBB, 0xAD, 0xFE, 0xB1, 0xB5, 0xFE, 0xB8, 0xAE,
    0xAD, 0xE3, 0xFB, 0xF0, 0xEF, 0xB8, 0x52, 0x7F, 0x6A, 0x68, 0x64, 0x54, 0x29, 0x59, 0x7B, 0x6C,
    0x7B, 0x6C, 0x67, 0x6D, 0x6C, 0x7B, 0x29, 0x7D, 0x61, 0x7B, 0x6C, 0x68, 0x6D, 0x29, 0x6C, 0x71,
    0x60, 0x7D, 0x6C, 0x6D, 0x3B, 0x16, 0x03, 0x01, 0x0D, 0x3D, 0x40, 0x30, 0x12, 0x05, 0x12, 0x05,
    0x0E, 0x04, 0x05, 0x12, 0x40, 0x14, 0x08, 0x12, 0x05, 0x01, 0x04, 0x40, 0x13, 0x14, 0x0F, 0x10,
    0x10, 0x05, 0x04, 0x8C, 0xD5, 0xC2, 0xD1, 0x8C, 0xCE, 0xCC, 0xC1, 0xCA, 0xCF, 0xC6, 0x8C, 0xEE,
    0xC6, 0xC7, 0xCA, 0xC2, 0x8C, 0xE7, 0xE0, 0xEA, 0xEE, 0x8C, 0xD5, 0xC0, 0xC2, 0xCE, 0x8D, 0xCE,
    0xD3, 0x97, 0xD6, 0xFB, 0xEE, 0xEC, 0xE0, 0xD0, 0xAD, 0xFF, 0xE8, 0xEC, 0xE9, 0xCC, 0xEE, 0xF9,
    0xE4, 0xFB, 0xE8, 0xDD, 0xE1, 0xEC, 0xF4, 0xEF, 0xEC, 0xEE, 0xE6, 0xDD, 0xEC, 0xF9, 0xE5, 0xAD,
    0xA0, 0xB3, 0xAD, 0xA8, 0xCD, 0xE8, 0xC5, 0xD0, 0xD2, 0xDE, 0xEE, 0x93, 0xE5, 0xDA, 0xD7, 0xD6,
    0xDC, 0x93, 0xDF, 0xDC, 0xD2, 0xD7, 0xD6, 0xD7, 0x93, 0xFC, 0xF8, 0x93, 0x9B, 0xD2, 0xC0, 0xCA,
    0xDD, 0xD0, 0x9A, 0x7D, 0x50, 0x45, 0x47, 0x4B, 0x7B, 0x06, 0x60, 0x47, 0x4F, 0x4A, 0x43, 0x42,
    0x06, 0x52, 0x49, 0x06, 0x4A, 0x49, 0x47, 0x42, 0x06, 0x50, 0x4F, 0x42, 0x43, 0x49, 0x1C, 0x06,
    0x03, 0x66, 0x93, 0xBE, 0xAB, 0xA9, 0xA5, 0x95, 0xE8, 0x84, 0xA1, 0xBE, 0xAD, 0xE8, 0xBB, 0xBC,
    0xA9, 0xBC, 0xAD, 0xE8, 0xAB, 0xA0, 0xA9, 0xA6, 0xAF, 0xAD, 0xAC, 0xE8, 0xBC, 0xA7, 0xF2, 0xE8,
    0xAD, 0xA6, 0xA9, 0xAA, 0xA4, 0xAD, 0xAC, 0xEA, 0xC7, 0xD2, 0xD0, 0xDC, 0xEC, 0x91, 0xFD, 0xD8,
    0xC7, 0xD4, 0x91, 0xC2, 0xC5, 0xD0, 0xC5, 0xD4, 0x91, 0xD2, 0xD9, 0xD0, 0xDF, 0xD6, 0xD4, 0xD5,
    0x91, 0xC5, 0xDE, 0x8B, 0x91, 0xD5, 0xD8, 0xC2, 0xD0, 0xD3, 0xDD, 0xD4, 0xD5, 0x91, 0x99, 0xD7,
    0xC3, 0xD0, 0xDC, 0xD4, 0x91, 0xD2, 0xD0, 0xD2, 0xD9, 0xD4, 0x91, 0xDA, 0xD4, 0xC1, 0xC5, 0x98,
    0xC5, 0xE8, 0xFD, 0xFF, 0xF3, 0xC3, 0xBE, 0xCD, 0xEA, 0xFF, 0xEA, 0xFB, 0xBE, 0xEE, 0xF1, 0xF2,
    0xF2, 0xF7, 0xF0, 0xF9, 0xBE, 0xEA, 0xF7, 0xF3, 0xFB, 0xEC, 0xBE, 0xED, 0xEA, 0xFF, 0xEC, 0xEA,
    0xFB, 0xFA, 0x31, 0x1C, 0x09, 0x0B, 0x07, 0x37, 0x4A, 0x19, 0x1E, 0x0B, 0x1E, 0x0F, 0x4A, 0x09,
    0x02, 0x0B, 0x04, 0x0D, 0x0F, 0x50, 0x4A, 0x4F, 0x0E, 0x4A, 0x47, 0x54, 0x4A, 0x4F, 0x0E, 0x4A,
    0x42, 0x06, 0x03, 0x09, 0x57, 0x4F, 0x0E, 0x4A, 0x07, 0x01, 0x57, 0x4F, 0x0E, 0x43, 0x46, 0x4A,
    0x09, 0x0B, 0x06, 0x06, 0x03, 0x04, 0x0D, 0x4A, 0x19, 0x0F, 0x1E, 0x2F, 0x04, 0x0B, 0x08, 0x06,
    0x0F, 0x0E, 0x21, 0x0C, 0x19, 0x1B, 0x17, 0x27, 0x5A, 0x1D, 0x1B, 0x0E, 0x1F, 0x5A, 0x1E, 0x13,
    0x1B, 0x1D, 0x5A, 0x1F, 0x14, 0x47, 0x5F, 0x1E, 0x5A, 0x16, 0x13, 0x19, 0x47, 0x5F, 0x1E, 0x5A,
    0x17, 0x11, 0x47, 0x5F, 0x1E, 0x5A, 0x19, 0x08, 0x47, 0x5F, 0x1E, 0x5A, 0x09, 0x13, 0x47, 0x5F,
    0x1E, 0x5A, 0x0E, 0x09, 0x47, 0x5F, 0x1E, 0x5A, 0x17, 0x1E, 0x47, 0x5F, 0x1E, 0x18, 0x35, 0x20,
    0x22, 0x2E, 0x1E, 0x63, 0x20, 0x22, 0x2E, 0x26, 0x31, 0x22, 0x63, 0x2A, 0x27, 0x2F, 0x26, 0x63,
    0x7D, 0x71, 0x30, 0x6F, 0x63, 0x33, 0x2A, 0x33, 0x26, 0x2F, 0x2A, 0x2D, 0x26, 0x63, 0x33, 0x22,
    0x36, 0x30, 0x26, 0x27, 0x63, 0x6B, 0x00, 0x13, 0x16, 0x63, 0x39, 0x26, 0x31, 0x2C, 0x6F, 0x63,
    0x31, 0x26, 0x22, 0x27, 0x26, 0x31, 0x63, 0x28, 0x26, 0x33, 0x37, 0x6A, 0x80, 0xAD, 0xB8, 0xBA,
    0xB6, 0x86, 0xFB, 0xB8, 0xBA, 0xB6, 0xBE, 0xA9, 0xBA, 0xFB, 0xB2, 0xBF, 0xB7, 0xBE, 0xFB, 0xE5,
    0xED, 0xEB, 0xA8, 0xF7, 0xFB, 0xB6, 0xBE, 0xBF, 0xB2, 0xBA, 0xFB, 0xAB, 0xB2, 0xAB, 0xBE, 0xB7,
    0xB2, 0xB5, 0xBE, 0xFB, 0xF0, 0xFB, 0x9C, 0x8B, 0x8E, 0xFB, 0xAB, 0xB4, 0xB4, 0xB7, 0xA8, 0xFB,
    0xA9, 0xBE, 0xB7, 0xBE, 0xBA, 0xA8, 0xBE, 0xBF, 0xFB, 0xF3, 0xB1, 0xBE, 0xAF, 0xA8, 0xBA, 0xB6,
    0xFB, 0xBC, 0xAE, 0xBA, 0xA9, 0xBF, 0xF2, 0xBC, 0x91, 0x84, 0x86, 0x8A, 0xBA, 0xC7, 0x84, 0x86,
    0x8A, 0x82, 0x95, 0x86, 0xC7, 0x8E, 0x83, 0x8B, 0x82, 0xC7, 0xD9, 0xD1, 0xD7, 0x94, 0xCB, 0xC7,
    0xA0, 0xB7, 0xB2, 0xC7, 0x94, 0x93, 0x95, 0x82, 0x86, 0x8A, 0xC7, 0x97, 0x88, 0x88, 0x8B, 0x94,
    0xC7, 0x95, 0x82, 0x8B, 0x82, 0x86, 0x94, 0x82, 0x83, 0xC7, 0xCF, 0x8D, 0x82, 0x93, 0x94, 0x86,
    0x8A, 0xC7, 0x80, 0x92, 0x86, 0x95, 0x83, 0xCE, 0x02, 0x0E, 0x01, 0x1A, 0x0E, 0x03, 0x3D, 0x00,
    0x1B, 0x0E, 0x1B, 0x06, 0x00, 0x01, 0xEA, 0xEE, 0xF5, 0xF5, 0xE8, 0xF5, 0xE2, 0xE3, 0xD9, 0xF4,
    0xE1, 0xE3, 0xEF, 0xDF, 0xA2, 0xF0, 0xED, 0xF6, 0xE3, 0xF6, 0xEB, 0xED, 0xEC, 0xA2, 0xF1, 0xFB,
    0xEC, 0xE1, 0xE7, 0xE6, 0xB8, 0xA2, 0xF2, 0xEE, 0xEB, 0xF1, 0xF6, 0xBF, 0xA7, 0xEE, 0xE6, 0xCE,
    0xE3, 0xF6, 0xF4, 0xF8, 0xC8, 0xB5, 0xF8, 0xFC, 0xE7, 0xE7, 0xFA, 0xE7, 0xB5, 0xE6, 0xEC, 0xFB,
    0xF6, 0xF0, 0xF1, 0xAF, 0xB5, 0xB0, 0xF1, 0xCC, 0xCA, 0xDC, 0xCB, 0xE9, 0xD8, 0xD7, 0xE1, 0xC7,
    0xC1, 0xD7, 0xC0, 0xE2, 0xD3, 0xDC, 0xEB, 0x04, 0x02, 0x14, 0x03, 0x2B, 0x1E, 0x1E, 0x1C, 0x6D,
    0x79, 0x64, 0x65, 0x7F, 0x5B, 0x6A, 0x65, 0x4D, 0x62, 0x73, 0x59, 0x74, 0x61, 0x63, 0x6F, 0x5F,
    0x22, 0x76, 0x70, 0x63, 0x6C, 0x71, 0x64, 0x6D, 0x70, 0x6F, 0x22, 0x71, 0x7B, 0x6C, 0x61, 0x67,
    0x66, 0x38, 0x22, 0x72, 0x63, 0x6C, 0x2A, 0x27, 0x2C, 0x30, 0x64, 0x2E, 0x27, 0x2C, 0x30, 0x64,
    0x2B, 0x27, 0x42, 0x22, 0x78, 0x6D, 0x6D, 0x6F, 0x3F, 0x27, 0x2C, 0x30, 0x64, 0xCB, 0xF6, 0xE2,
    0xFF, 0xFE, 0xE4, 0xBD, 0xF6, 0xF9, 0xE8, 0xCD, 0xA4, 0xA6, 0xB1, 0xAC, 0xB3, 0xA0, 0x95, 0xA9,
    0xA4, 0xBC, 0xA7, 0xA4, 0xA6, 0xAE, 0x95, 0xA4, 0xB1, 0xAD, 0xF6, 0xDB, 0xCE, 0xCC, 0xC0, 0xF0,
    0x8D, 0xCC, 0xCE, 0xD9, 0xC4, 0xDB, 0xC8, 0xFD, 0xC1, 0xCC, 0xD4, 0xCF, 0xCC, 0xCE, 0xC6, 0xFD,
    0xCC, 0xD9, 0xC5, 0x8D, 0xCE, 0xC5, 0xCC, 0xC3, 0xCA, 0xC8, 0xC9, 0x97, 0x8D, 0x88, 0xED, 0x8D,
    0x80, 0x93, 0x8D, 0x88, 0xED, 0x81, 0x8D, 0xDF, 0xC8, 0xC1, 0xC2, 0xCC, 0xC9, 0xC4, 0xC3, 0xCA,
    0x19, 0x34, 0x21, 0x23, 0x2F, 0x1F, 0x62, 0x2E, 0x23, 0x2C, 0x27, 0x62, 0x2F, 0x27, 0x2F, 0x2D,
    0x62, 0x30, 0x27, 0x31, 0x27, 0x36, 0x62, 0x2D, 0x2C, 0x62, 0x34, 0x2B, 0x26, 0x27, 0x2D, 0x62,
    0x31, 0x35, 0x2B, 0x36, 0x21, 0x2A, 0x62, 0x6A, 0x73, 0x6C, 0x71, 0x6C, 0x76, 0x7A, 0x6B, 0xC2,
    0xD3, 0xC7, 0xC1, 0xD7, 0xD6, 0x81, 0xAC, 0xB9, 0xBB, 0xB7, 0x87, 0xFA, 0xAA, 0xBB, 0xAF, 0xA9,
    0xBF, 0xBE, 0xFA, 0xA9, 0xA3, 0xB4, 0xB9, 0xBF, 0xBE, 0xE0, 0xFA, 0xFF, 0xBE, 0x2A, 0x3D, 0x2B,
    0x2C, 0x39, 0x2A, 0x2C, 0x0C, 0x37, 0x33, 0x3D, 0x36, 0x89, 0xA4, 0xB1, 0xB3, 0xBF, 0x8F, 0xF2,
    0xA0, 0xB7, 0xA1, 0xA6, 0xB3, 0xA0, 0xA6, 0xF2, 0xA6, 0xBD, 0xB9, 0xB7, 0xBC, 0xF2, 0xB0, 0xA7,
    0xBF, 0xA2, 0xB7, 0xB6, 0xFE, 0xF2, 0xA0, 0xB7, 0xA2, 0xBE, 0xB3, 0xAB, 0xF2, 0xB4, 0xA0, 0xBD,
    0xBF, 0xF2, 0xB0, 0xB7, 0xB5, 0xBB, 0xBC, 0xBC, 0xBB, 0xBC, 0xB5, 0x64, 0x61, 0x6F, 0x60, 0x7C,
    0x4D, 0x66, 0x69, 0x6A, 0x64, 0x6D, 0x6C, 0x89, 0x8C, 0x82, 0x8D, 0x91, 0xA6, 0x8A, 0x89, 0x8A,
    0x97, 0xD3, 0xD6, 0xD8, 0xD7, 0xCB, 0xE7, 0xA7, 0xA2, 0xAC, 0xA3, 0xBF, 0x92, 0x05, 0x00, 0x0E,
    0x01, 0x1D, 0x20, 0x07, 0x1D, 0x0C, 0x07, 0x1A, 0x00, 0x1D, 0x10, 0xD1, 0xD4, 0xDA, 0xD5, 0xC9,
    0xF9, 0xD4, 0xDC, 0xD0, 0xD8, 0xC9, 0xD8, 0xCF, 0x12, 0x17, 0x19, 0x16, 0x0A, 0x38, 0x1B, 0x1F,
    0x0A, 0x16, 0x1B, 0x0C, 0x85, 0xA8, 0xBD, 0xBF, 0xB3, 0x83, 0xFE, 0xB2, 0xB7, 0xB9, 0xB6, 0xAA,
    0xFE, 0xAD, 0xA7, 0xB0, 0xBD, 0xBB, 0xBA, 0xE4, 0xFE, 0xB1, 0xB0, 0xE3, 0xFB, 0xBA, 0xFE, 0xBD,
    0xB1, 0xB2, 0xB1, 0xAC, 0xE3, 0xEE, 0xA6, 0xFB, 0xEE, 0xE8, 0xA6, 0xFE, 0xAE, 0xB1, 0xAD, 0xF6,
    0xFB, 0xBA, 0xF2, 0xFB, 0xBA, 0xF7, 0xFE, 0xB7, 0xB0, 0xAA, 0xE3, 0xFB, 0xBA, 0xFE, 0xBA, 0xB7,
    0xBF, 0xE3, 0xFB, 0xBA, 0xFE, 0xB8, 0xBB, 0xBF, 0xE3, 0xFB, 0xBA, 0x6E, 0x35, 0x2C, 0x31, 0x6E,
    0x37, 0x22, 0x20, 0x2C, 0x1E, 0x26, 0x31, 0x34, 0x1E, 0x2D, 0x2E, 0x26, 0x6F, 0x35, 0x39, 0x35,
    0x62, 0x7B, 0x63, 0x6C, 0x5D, 0x4A, 0x4E, 0x5B, 0x4A, 0x7C, 0x56, 0x5C, 0x5B, 0x4A, 0x42, 0x6B,
    0x4A, 0x49, 0x4E, 0x5A, 0x43, 0x5B, 0x6B, 0x4A, 0x59, 0x46, 0x4C, 0x4A, 0xF1, 0xDC, 0xC9, 0xCB,
    0xC7, 0xF7, 0x8A, 0xE7, 0xCF, 0xDE, 0xCB, 0xC6, 0x8A, 0xCE, 0xCF, 0xDC, 0xC3, 0xC9, 0xCF, 0x8A,
    0xDA, 0xD8, 0xC5, 0xC8, 0xCF, 0x90, 0x8A, 0x8F, 0xEA, 0x8A, 0x82, 0xE9, 0xE3, 0x85, 0xE7, 0xFE,
    0xE6, 0x8A, 0xDA, 0xCB, 0xDE, 0xC2, 0x8A, 0xEE, 0xE3, 0xF9, 0xEB, 0xE8, 0xE6, 0xEF, 0xEE, 0x8A,
    0x87, 0x8A, 0xE9, 0xFA, 0xFF, 0x8A, 0xCC, 0xCB, 0xC6, 0xC6, 0xC8, 0xCB, 0xC9, 0xC1, 0x8A, 0xC7,
    0xCF, 0xCB, 0xD9, 0xDF, 0xD8, 0xCF, 0xCE, 0x8A, 0x9C, 0x84, 0x9E, 0xC7, 0xD9, 0x85, 0xCC, 0xD8,
    0xCB, 0xC7, 0xCF, 0x86, 0x8A, 0xFC, 0xFE, 0x8A, 0xDE, 0xC5, 0xC1, 0xCF, 0xC4, 0x87, 0xD8, 0xCF,
    0xDF, 0xD9, 0xCF, 0x8A, 0xDA, 0xCB, 0xDE, 0xC2, 0x8A, 0xC3, 0xD9, 0x8A, 0xC9, 0xC2, 0xCF, 0xCB,
    0xDA, 0xCF, 0xD8, 0x83, 0x02, 0x00, 0x17, 0x01, 0x17, 0x1C, 0x06, 0xFA, 0xF9, 0xE8, 0xFE, 0xF5,
    0xEF, 0x6C, 0x41, 0x54, 0x56, 0x5A, 0x6A, 0x17, 0x70, 0x67, 0x62, 0x7E, 0x5A, 0x56, 0x50, 0x52,
    0x67, 0x45, 0x58, 0x54, 0x52, 0x44, 0x44, 0x58, 0x45, 0x17, 0x5E, 0x59, 0x5E, 0x43, 0x5E, 0x56,
    0x5B, 0x5E, 0x4D, 0x52, 0x53, 0x17, 0x1F, 0x61, 0x63, 0x17, 0x43, 0x58, 0x5C, 0x52, 0x59, 0x1A,
    0x45, 0x52, 0x42, 0x44, 0x52, 0x17, 0x47, 0x56, 0x43, 0x5F, 0x1B, 0x17, 0x74, 0x7E, 0x18, 0x7A,
    0x63, 0x7B, 0x17, 0x53, 0x5E, 0x44, 0x56, 0x55, 0x5B, 0x52, 0x53, 0x1E, 0x7F, 0x7D, 0x79, 0x40,
    0x51, 0x4C, 0x45, 0x7D, 0x5B, 0x48, 0x47, 0x5A, 0x4F, 0x4C, 0x5B, 0x7A, 0x4C, 0x5A, 0x5A, 0x40,
    0x46, 0x47, 0x60, 0x47, 0x5F, 0x48, 0x45, 0x40, 0x4D, 0x48, 0x5D, 0x4C, 0x3E, 0x3C, 0x38, 0x01,
    0x10, 0x0D, 0x04, 0x3A, 0x07, 0x1C, 0x09, 0x1C, 0x01, 0x07, 0x06, 0x3B, 0x0D, 0x1B, 0x1B, 0x01,
    0x07, 0x06, 0x21, 0x06, 0x1E, 0x09, 0x04, 0x01, 0x0C, 0x09, 0x1C, 0x0D, 0x74, 0x59, 0x4C, 0x4E,
    0x42, 0x72, 0x0F, 0x68, 0x7F, 0x7A, 0x66, 0x42, 0x4E, 0x48, 0x4A, 0x7F, 0x5D, 0x40, 0x4C, 0x4A,
    0x5C, 0x5C, 0x40, 0x5D, 0x0F, 0x4B, 0x4A, 0x4E, 0x43, 0x43, 0x40, 0x4C, 0x4E, 0x5B, 0x4A, 0x4B,
    0x40, 0x70, 0x72, 0x7F, 0x7A, 0x7D, 0x74, 0x5E, 0x7C, 0x77, 0x76, 0xEA, 0xCC, 0xD7, 0xD3, 0xB2,
    0x9F, 0x8A, 0x88, 0x84, 0xB4, 0xC9, 0xAB, 0xAE, 0xBB, 0xA8, 0xC9, 0xBF, 0xBD, 0xB9, 0x80, 0x91,
    0x8C, 0x85, 0xBD, 0x9B, 0x88, 0x87, 0x9A, 0x8F, 0x8C, 0x9B, 0xBA, 0x8C, 0x9A, 0x9A, 0x80, 0x86,
    0x87, 0xC9, 0x8A, 0x9B, 0x8C, 0x88, 0x9D, 0x8C, 0x8D, 0xC9, 0xC1, 0xBD, 0x9B, 0x80, 0x84, 0xC9,
    0x86, 0x87, 0x85, 0x90, 0xC0, 0xFC, 0xD1, 0xC4, 0xC6, 0xCA, 0xFA, 0x87, 0xE1, 0xC6, 0xCE, 0xCB,
    0xC2, 0xC3, 0x87, 0xD3, 0xC8, 0x87, 0xC4, 0xD5, 0xC2, 0xC6, 0xD3, 0xC2, 0x87, 0xE5, 0xE0, 0xF5,
    0xE6, 0x87, 0xD4, 0xC2, 0xD4, 0xD4, 0xCE, 0xC8, 0xC9, 0x9D, 0x87, 0x82, 0xC3, 0x82, 0xAF, 0xBA,
    0xB8, 0xB4, 0x84, 0xF9, 0x80, 0x8C, 0x8F, 0xF9, 0x8F, 0x8D, 0x89, 0xB0, 0xA1, 0xBC, 0xB5, 0x8D,
    0xAB, 0xB8, 0xB7, 0xAA, 0xBF, 0xBC, 0xAB, 0x8A, 0xBC, 0xAA, 0xAA, 0xB0, 0xB6, 0xB7, 0xF9, 0xBA,
    0xAB, 0xBC, 0xB8, 0xAD, 0xBC, 0xBD, 0xF9, 0xF1, 0x8D, 0xAB, 0xB0, 0xB4, 0xF9, 0xB6, 0xB7, 0xB5,
    0xA0, 0xF0, 0xE5, 0xC8, 0xDD, 0xDF, 0xD3, 0xE3, 0x9E, 0xF8, 0xDF, 0xD7, 0xD2, 0xDB, 0xDA, 0x9E,
    0xCA, 0xD1, 0x9E, 0xDD, 0xCC, 0xDB, 0xDF, 0xCA, 0xDB, 0x9E, 0xE7, 0xEB, 0xE8, 0x9E, 0xCD, 0xDB,
    0xCD, 0xCD, 0xD7, 0xD1, 0xD0, 0x84, 0x9E, 0x9B, 0xDA, 0xC0, 0xED, 0xF8, 0xFA, 0xF6, 0xC6, 0xBB,
    0xCB, 0xE9, 0xFE, 0xE9, 0xFE, 0xF5, 0xFF, 0xFE, 0xE9, 0xBB, 0xCD, 0xCF, 0xCB, 0xF2, 0xE3, 0xFE,
    0xF7, 0xCF, 0xE9, 0xFA, 0xF5, 0xE8, 0xFD, 0xFE, 0xE9, 0xC8, 0xFE, 0xE8, 0xE8, 0xF2, 0xF4, 0xF5,
    0xBB, 0xF8, 0xE9, 0xFE, 0xFA, 0xEF, 0xFE, 0xFF, 0xBB, 0xB3, 0xCF, 0xE9, 0xF2, 0xF6, 0xB2, 0x36,
    0x1B, 0x0E, 0x0C, 0x00, 0x30, 0x4D, 0x2B, 0x0C, 0x04, 0x01, 0x08, 0x09, 0x4D, 0x19, 0x02, 0x4D,
    0x0E, 0x1F, 0x08, 0x0C, 0x19, 0x08, 0x4D, 0x1D, 0x1F, 0x08, 0x1F, 0x08, 0x03, 0x09, 0x08, 0x1F,
    0x4D, 0x1E, 0x08, 0x1E, 0x1E, 0x04, 0x02, 0x03, 0x57, 0x4D, 0x48, 0x09, 0xB3, 0x9E, 0x8B, 0x89,
    0x85, 0xB5, 0xC8, 0xB8, 0x9A, 0x81, 0x9E, 0x89, 0x9C, 0x8D, 0xC5, 0x8E, 0x87, 0x9A, 0x85, 0x89,
    0x9C, 0xC8, 0xBE, 0xBC, 0xB8, 0x81, 0x90, 0x8D, 0x84, 0xBC, 0x9A, 0x89, 0x86, 0x9B, 0x8E, 0x8D,
    0x9A, 0xBB, 0x8D, 0x9B, 0x9B, 0x81, 0x87, 0x86, 0xC8, 0x8B, 0x9A, 0x8D, 0x89, 0x9C, 0x8D, 0x8C,
    0xC8, 0xC0, 0xBC, 0x9A, 0x81, 0x85, 0xC1, 0x8D, 0xA0, 0xB5, 0xB7, 0xBB, 0x8B, 0xF6, 0x90, 0xB7,
    0xBF, 0xBA, 0xB3, 0xB2, 0xF6, 0xA2, 0xB9, 0xF6, 0xB5, 0xA4, 0xB3, 0xB7, 0xA2, 0xB3, 0xF6, 0xA6,
    0xA4, 0xBF, 0xA0, 0xB7, 0xA2, 0xB3, 0xF6, 0xA5, 0xB3, 0xA5, 0xA5, 0xBF, 0xB9, 0xB8, 0xEC, 0xF6,
    0xF3, 0xB2, 0xE9, 0xDE, 0xDA, 0xD7, 0xEF, 0xD2, 0xD6, 0xDE, 0x50, 0x7D, 0x68, 0x6A, 0x66, 0x56,
    0x2B, 0x6D, 0x6A, 0x62, 0x67, 0x6E, 0x6F, 0x2B, 0x7F, 0x64, 0x2B, 0x68, 0x79, 0x6E, 0x6A, 0x7F,
    0x6E, 0x2B, 0x39, 0x78, 0x7F, 0x6E, 0x7B, 0x2B, 0x78, 0x6E, 0x78, 0x78, 0x62, 0x64, 0x65, 0x2B,
    0x6D, 0x64, 0x79, 0x2B, 0x2E, 0x4B, 0x0C, 0x70, 0x5A, 0x50, 0x57, 0x46, 0x4E, 0x0C, 0x6F, 0x4A,
    0x41, 0x51, 0x42, 0x51, 0x5A, 0x0C, 0x65, 0x51, 0x42, 0x4E, 0x46, 0x54, 0x4C, 0x51, 0x48, 0x50,
    0x0C, 0x75, 0x4A, 0x47, 0x46, 0x4C, 0x77, 0x4C, 0x4C, 0x4F, 0x41, 0x4C, 0x5B, 0x0D, 0x45, 0x51,
    0x42, 0x4E, 0x46, 0x54, 0x4C, 0x51, 0x48, 0x0C, 0x75, 0x4A, 0x47, 0x46, 0x4C, 0x77, 0x4C, 0x4C,
    0x4F, 0x41, 0x4C, 0x5B, 0x66, 0x64, 0x60, 0x59, 0x48, 0x55, 0x5C, 0x62, 0x5F, 0x44, 0x51, 0x44,
    0x59, 0x5F, 0x5E, 0x63, 0x55, 0x43, 0x43, 0x59, 0x5F, 0x5E, 0x73, 0x42, 0x55, 0x51, 0x44, 0x55,
    0x1C, 0x1E, 0x1A, 0x23, 0x32, 0x2F, 0x26, 0x18, 0x25, 0x3E, 0x2B, 0x3E, 0x23, 0x25, 0x24, 0x19,
    0x2F, 0x39, 0x39, 0x23, 0x25, 0x24, 0x18, 0x25, 0x3E, 0x2B, 0x3E, 0x2F, 0x03, 0x27, 0x2B, 0x2D,
    0x2F, 0x78, 0x45, 0x47, 0x43, 0x7A, 0x6B, 0x76, 0x7F, 0x41, 0x7C, 0x67, 0x72, 0x67, 0x7A, 0x7C,
    0x7D, 0x43, 0x61, 0x7C, 0x63, 0x76, 0x61, 0x67, 0x6A, 0x58, 0x76, 0x6A, 0x4C, 0x41, 0x7C, 0x67,
    0x72, 0x67, 0x7A, 0x7C, 0x7D, 0x82, 0xBF, 0xA4, 0xB1, 0xA4, 0xB9, 0xBF, 0xBE, 0x8F, 0xB2, 0xB0,
    0xB6, 0x8B, 0x90, 0x85, 0x90, 0x8D, 0x8B, 0x8A, 0xBB, 0xA7, 0xA7, 0xB3, 0xDD, 0xD4, 0x05, 0x05,
    0x11, 0x7F, 0x76, 0xB3, 0x8E, 0x8C, 0x8A, 0xB7, 0xAC, 0xB9, 0xAC, 0xB1, 0xB7, 0xB6, 0x87, 0x9B,
    0x8F, 0xE1, 0xE8, 0xA5, 0xB1, 0xDF, 0xD6, 0x3C, 0x01, 0x03, 0x05, 0x38, 0x23, 0x36, 0x23, 0x3E,
    0x38, 0x39, 0x08, 0x66, 0x6F, 0x67, 0x20, 0x29, 0x21, 0x9D, 0xA0, 0xA2, 0xA6, 0x9F, 0x8E, 0x93,
    0x9A, 0xA4, 0x99, 0x82, 0x97, 0x82, 0x9F, 0x99, 0x98, 0xA6, 0x84, 0x99, 0x86, 0x93, 0x84, 0x82,
    0x8F, 0xBD, 0x93, 0x8F, 0xA9, 0xB0, 0x9A, 0x9F, 0x86, 0xBE, 0x99, 0x84, 0x9F, 0x8C, 0x99, 0x98,
    0x82, 0x97, 0x9A, 0xB9, 0x84, 0x9F, 0x93, 0x98, 0x82, 0x97, 0x82, 0x9F, 0x99, 0x98, 0xFC, 0xD6,
    0xD3, 0xCA, 0xF2, 0xD5, 0xC8, 0xD3, 0xC0, 0xD5, 0xD4, 0xCE, 0xDB, 0xD6, 0xF5, 0xC8, 0xD3, 0xDF,
    0xD4, 0xCE, 0xDB, 0xCE, 0xD3, 0xD5, 0xD4, 0xEB, 0xC6, 0xD3, 0xD1, 0xDD, 0xED, 0x90, 0xC2, 0xDF,
    0xC4, 0xD1, 0xC4, 0xD9, 0xDF, 0xDE, 0x90, 0xD1, 0xC0, 0xD9, 0x90, 0xC0, 0xC2, 0xDF, 0xD2, 0xD5,
    0x8A, 0x90, 0xD8, 0xD1, 0xDE, 0xD4, 0xDC, 0xD5, 0x8D, 0x95, 0xD4, 0x90, 0xD3, 0xC2, 0xD5, 0xD1,
    0xC4, 0xD5, 0x8D, 0x95, 0xD4, 0x90, 0xC2, 0xDF, 0xC4, 0xD1, 0xC4, 0xD5, 0x8D, 0x95, 0xD4, 0x90,
    0xC2, 0xDF, 0xC4, 0xFB, 0xD5, 0xC9, 0x8D, 0x95, 0xD4, 0x90, 0xD3, 0xD3, 0xC7, 0x8D, 0x95, 0xD4,
    0x90, 0xD3, 0xC7, 0x8D, 0x95, 0xD4, 0x90, 0xC2, 0x81, 0x88, 0x80, 0x8D, 0x95, 0xD4, 0x90, 0xD6,
    0xDC, 0xD9, 0xC0, 0xFB, 0xD5, 0xC9, 0x8D, 0x95, 0xD4, 0x29, 0x04, 0x11, 0x13, 0x1F, 0x2F, 0x52,
    0x24, 0x26, 0x22, 0x1B, 0x0A, 0x17, 0x1E, 0x20, 0x1D, 0x06, 0x13, 0x06, 0x1B, 0x1D, 0x1C, 0x21,
    0x17, 0x01, 0x01, 0x1B, 0x1D, 0x1C, 0x52, 0x33, 0x22, 0x3B, 0x52, 0x07, 0x1C, 0x13, 0x04, 0x13,
    0x1B, 0x1E, 0x13, 0x10, 0x1E, 0x17, 0x52, 0x5A, 0x13, 0x16, 0x13, 0x02, 0x06, 0x1B, 0x04, 0x17,
    0x52, 0x00, 0x1D, 0x06, 0x13, 0x06, 0x1B, 0x1D, 0x1C, 0x52, 0x16, 0x1B, 0x01, 0x13, 0x10, 0x1E,
    0x17, 0x16, 0x5B, 0x56, 0x7B, 0x6E, 0x6C, 0x60, 0x50, 0x2D, 0x5B, 0x59, 0x5D, 0x64, 0x75, 0x68,
    0x61, 0x5F, 0x62, 0x79, 0x6C, 0x79, 0x64, 0x62, 0x63, 0x5E, 0x68, 0x7E, 0x7E, 0x64, 0x62, 0x63,
    0x2D, 0x6E, 0x7F, 0x68, 0x6C, 0x79, 0x68, 0x69, 0x2D, 0x25, 0x7F, 0x68, 0x63, 0x69, 0x68, 0x7F,
    0x2D, 0x7E, 0x68, 0x7E, 0x7E, 0x64, 0x62, 0x63, 0x37, 0x2D, 0x28, 0x69, 0x24, 0x38, 0x15, 0x00,
    0x02, 0x0E, 0x3E, 0x43, 0x25, 0x02, 0x0A, 0x0F, 0x06, 0x07, 0x43, 0x17, 0x0C, 0x43, 0x00, 0x11,
    0x06, 0x02, 0x17, 0x06, 0x43, 0x35, 0x37, 0x33, 0x0A, 0x1B, 0x06, 0x0F, 0x31, 0x0C, 0x17, 0x02,
    0x17, 0x0A, 0x0C, 0x0D, 0x30, 0x06, 0x10, 0x10, 0x0A, 0x0C, 0x0D, 0x59, 0x43, 0x46, 0x07, 0x29,
    0x04, 0x11, 0x13, 0x1F, 0x2F, 0x52, 0x31, 0x00, 0x17, 0x13, 0x06, 0x17, 0x16, 0x52, 0x10, 0x07,
    0x14, 0x14, 0x17, 0x00, 0x52, 0x02, 0x1D, 0x1D, 0x1E, 0x48, 0x52, 0x57, 0x08, 0x07, 0x0A, 0x57,
    0x08, 0x07, 0x52, 0x14, 0x1F, 0x06, 0x4F, 0x57, 0x07, 0x52, 0x5A, 0x19, 0x17, 0x0B, 0x4F, 0x57,
    0x32, 0x5B, 0xB4, 0x99, 0x8C, 0x8E, 0x82, 0xB2, 0xCF, 0xA9, 0x8E, 0x86, 0x83, 0x8A, 0x8B, 0xCF,
    0x9B, 0x80, 0xCF, 0x8C, 0x9D, 0x8A, 0x8E, 0x9B, 0x8A, 0xCF, 0x8D, 0x9A, 0x89, 0x89, 0x8A, 0x9D,
    0xCF, 0x9F, 0x80, 0x80, 0x83, 0xD5, 0xCF, 0xCA, 0x8B, 0xC3, 0xCF, 0xCA, 0x95, 0x9A, 0x97, 0xCA,
    0x95, 0x9A, 0x36, 0x1B, 0x0E, 0x0C, 0x00, 0x30, 0x4D, 0x2B, 0x0C, 0x04, 0x01, 0x08, 0x09, 0x4D,
    0x19, 0x02, 0x4D, 0x0A, 0x08, 0x19, 0x4D, 0x0F, 0x18, 0x0B, 0x0B, 0x08, 0x1F, 0x4D, 0x0B, 0x1F,
    0x02, 0x00, 0x4D, 0x1D, 0x02, 0x02, 0x01, 0x57, 0x4D, 0x48, 0x09, 0xF7, 0xDA, 0xCF, 0xCD, 0xC1,
    0xF1, 0x8C, 0xEA, 0xCD, 0xC5, 0xC0, 0xC9, 0xC8, 0x8C, 0xD8, 0xC3, 0x8C, 0xCF, 0xDE, 0xC9, 0xCD,
    0xD8, 0xC9, 0x8C, 0xDC, 0xC5, 0xD4, 0xC9, 0xC0, 0x8C, 0xCE, 0xD9, 0xCA, 0xCA, 0xC9, 0xDE, 0x96,
    0x8C, 0x89, 0xC8, 0x80, 0x8C, 0x89, 0xD6, 0xD9, 0xD4, 0x89, 0xD6, 0xD9, 0x8C, 0xEE, 0xEB, 0xFE,
    0xED, 0x78, 0x55, 0x40, 0x42, 0x4E, 0x7E, 0x03, 0x64, 0x73, 0x76, 0x6A, 0x4E, 0x42, 0x44, 0x46,
    0x73, 0x51, 0x4C, 0x40, 0x46, 0x50, 0x50, 0x4C, 0x51, 0x03, 0x40, 0x4C, 0x4D, 0x45, 0x4A, 0x44,
    0x56, 0x51, 0x46, 0x47, 0x19, 0x03, 0x06, 0x59, 0x56, 0x5B, 0x06, 0x59, 0x56, 0x03, 0x45, 0x4C,
    0x51, 0x4E, 0x42, 0x57, 0x19, 0x03, 0x06, 0x63, 0x6B, 0x46, 0x53, 0x51, 0x5D, 0x6D, 0x10, 0x66,
    0x64, 0x60, 0x59, 0x48, 0x55, 0x5C, 0x64, 0x42, 0x51, 0x5E, 0x43, 0x56, 0x55, 0x42, 0x63, 0x55,
    0x43, 0x43, 0x59, 0x5F, 0x5E, 0x10, 0x56, 0x51, 0x59, 0x5C, 0x55, 0x54, 0x0A, 0x10, 0x15, 0x54,
    0x1C, 0x10, 0x56, 0x5F, 0x42, 0x5D, 0x51, 0x44, 0x0A, 0x10, 0x15, 0x70, 0x51, 0x7C, 0x69, 0x6B,
    0x67, 0x57, 0x2A, 0x4F, 0x72, 0x69, 0x6F, 0x7A, 0x7E, 0x63, 0x65, 0x64, 0x2A, 0x63, 0x64, 0x2A,
    0x7A, 0x78, 0x65, 0x69, 0x6F, 0x79, 0x79, 0x5A, 0x63, 0x72, 0x6F, 0x66, 0x48, 0x7F, 0x6C, 0x6C,
    0x6F, 0x78, 0x30, 0x2A, 0x2F, 0x4A, 0xB5, 0x98, 0x8D, 0x8F, 0x83, 0xB3, 0xCE, 0xA8, 0x8F, 0x87,
    0x82, 0x8B, 0x8A, 0xCE, 0x9A, 0x81, 0xCE, 0x8D, 0x9C, 0x8B, 0x8F, 0x9A, 0x8B, 0xCE, 0x9C, 0x81,
    0x9A, 0x8F, 0x9A, 0x87, 0x81, 0x80, 0xCE, 0x8C, 0x9B, 0x88, 0x88, 0x8B, 0x9C, 0xD4, 0xCE, 0xCB,
    0x8A, 0x34, 0x19, 0x0C, 0x0E, 0x02, 0x32, 0x4F, 0x39, 0x3B, 0x3F, 0x06, 0x17, 0x0A, 0x03, 0x3D,
    0x00, 0x1B, 0x0E, 0x1B, 0x06, 0x00, 0x01, 0x3C, 0x0A, 0x1C, 0x1C, 0x06, 0x00, 0x01, 0x4F, 0x09,
    0x0E, 0x06, 0x03, 0x0A, 0x0B, 0x55, 0x4F, 0x4A, 0x0B, 0x6A, 0x47, 0x52, 0x50, 0x5C, 0x6C, 0x11,
    0x41, 0x43, 0x54, 0x43, 0x54, 0x5F, 0x55, 0x54, 0x43, 0x11, 0x43, 0x5E, 0x45, 0x50, 0x45, 0x54,
    0x11, 0x57, 0x50, 0x58, 0x5D, 0x54, 0x55, 0x0B, 0x11, 0x14, 0x55, 0x11, 0x19, 0x5A, 0x54, 0x54,
    0x41, 0x11, 0x44, 0x5F, 0x43, 0x5E, 0x45, 0x50, 0x45, 0x54, 0x55, 0x18, 0x39, 0x14, 0x01, 0x03,
    0x0F, 0x3F, 0x42, 0x17, 0x11, 0x07, 0x10, 0x4F, 0x16, 0x10, 0x03, 0x0C, 0x11, 0x04, 0x0D, 0x10,
    0x0F, 0x42, 0x34, 0x36, 0x42, 0x11, 0x07, 0x11, 0x11, 0x0B, 0x0D, 0x0C, 0x42, 0x01, 0x10, 0x07,
    0x03, 0x16, 0x07, 0x06, 0x42, 0x4A, 0x36, 0x10, 0x0B, 0x0F, 0x4B, 0xFD, 0xD0, 0xC5, 0xC7, 0xCB,
    0xFB, 0x86, 0xCA, 0xCF, 0xC1, 0xCE, 0xD2, 0x86, 0xC5, 0xC7, 0xC8, 0xD0, 0xC7, 0xD5, 0x86, 0xC4,
    0xD3, 0xCF, 0xCA, 0xD2, 0x86, 0x83, 0xDC, 0xD3, 0xDE, 0x83, 0xDC, 0xD3, 0x86, 0x8E, 0xD5, 0xCA,
    0xC9, 0xD2, 0x86, 0x83, 0xC2, 0x8F, 0x3A, 0x17, 0x02, 0x00, 0x0C, 0x3C, 0x41, 0x00, 0x05, 0x00,
    0x11, 0x15, 0x08, 0x17, 0x04, 0x41, 0x22, 0x22, 0x36, 0x58, 0x51, 0x41, 0x07, 0x00, 0x08, 0x0D,
    0x04, 0x05, 0x5B, 0x41, 0x44, 0x05, 0x41, 0x07, 0x0C, 0x15, 0x5C, 0x44, 0x21, 0x41, 0x49, 0x0A,
    0x04, 0x04, 0x11, 0x41, 0x14, 0x0F, 0x13, 0x0E, 0x15, 0x00, 0x15, 0x04, 0x05, 0x48, 0xC7, 0xEA,
    0xFF, 0xFD, 0xF1, 0xC1, 0xBC, 0xFF, 0xF3, 0xF2, 0xEA, 0xF9, 0xEE, 0xE8, 0xCB, 0xF5, 0xE8, 0xF4,
    0xDF, 0xF3, 0xEE, 0xF9, 0xD5, 0xF1, 0xFD, 0xFB, 0xF9, 0xA6, 0xBC, 0xCA, 0xC8, 0xBC, 0xDE, 0xDB,
    0xCE, 0xDD, 0xB1, 0xA2, 0xC5, 0xC9, 0xCA, 0xBC, 0xFA, 0xFD, 0xF5, 0xF0, 0xF9, 0xF8, 0xB0, 0xBC,
    0xEE, 0xF9, 0xE8, 0xE9, 0xEE, 0xF2, 0xBC, 0xD2, 0xC9, 0xD0, 0xD0, 0xBC, 0xB4, 0xF2, 0xF3, 0xBC,
    0xE9, 0xF2, 0xF5, 0xF2, 0xF5, 0xE8, 0xF5, 0xFD, 0xF0, 0xF5, 0xE6, 0xF9, 0xF8, 0xBC, 0xFE, 0xE9,
    0xFA, 0xFA, 0xF9, 0xEE, 0xB5, 0xB1, 0x9C, 0x89, 0x8B, 0x87, 0xB7, 0xCA, 0xAC, 0x8B, 0x83, 0x86,
    0x8F, 0x8E, 0xCA, 0x9E, 0x85, 0xCA, 0x89, 0x98, 0x8F, 0x8B, 0x9E, 0x8F, 0xCA, 0x9A, 0x83, 0x92,
    0x8F, 0x86, 0xCA, 0x88, 0x9F, 0x8C, 0x8C, 0x8F, 0x98, 0xD0, 0xCA, 0xCF, 0x8E, 0xC6, 0xCA, 0x99,
    0x83, 0x90, 0x8F, 0xD0, 0xCA, 0xCF, 0x90, 0x9F, 0x92, 0xCF, 0x90, 0x9F, 0xC6, 0xCA, 0x8C, 0x85,
    0x98, 0x87, 0x8B, 0x9E, 0xD0, 0xCA, 0xCF, 0xAA, 0xAC, 0x8D, 0x90, 0x8F, 0x83, 0x8E, 0xC5, 0xE8,
    0xFD, 0xFF, 0xF3, 0xC3, 0xBE, 0xD2, 0xFF, 0xF0, 0xFB, 0xBE, 0xCD, 0xAC, 0xB3, 0xD0, 0xF1, 0xEC,
    0xF3, 0xFF, 0xF2, 0xBE, 0xED, 0xFB, 0xED, 0xED, 0xF7, 0xF1, 0xF0, 0xBE, 0xFD, 0xEC, 0xFB, 0xFF,
    0xEA, 0xFB, 0xFA, 0xBE, 0xB6, 0xF9, 0xEC, 0xFB, 0xFB, 0xF0, 0xB3, 0xF2, 0xF7, 0xF0, 0xFB, 0xBE,
    0xF8, 0xF7, 0xE6, 0xB7, 0x9F, 0xB2, 0xA7, 0xA5, 0xA9, 0x99, 0xE4, 0x87, 0xB6, 0xAB, 0xB4, 0xE4,
    0xB7, 0xB0, 0xA5, 0xA3, 0xAD, 0xAA, 0xA3, 0xE4, 0xA6, 0xB1, 0xAD, 0xA8, 0xB0, 0xE4, 0xE1, 0xBE,
    0xB1, 0xBC, 0xE1, 0xBE, 0xB1, 0xE4, 0xEC, 0xB7, 0xA8, 0xAB, 0xB0, 0xE4, 0xE1, 0xA0, 0xED, 0x07,
    0x2A, 0x3F, 0x3D, 0x31, 0x01, 0x7C, 0x05, 0x09, 0x0A, 0x7C, 0x31, 0x35, 0x38, 0x7C, 0x3F, 0x2E,
    0x39, 0x3D, 0x28, 0x39, 0x7C, 0x3A, 0x3D, 0x35, 0x30, 0x39, 0x38, 0x7C, 0x74, 0x79, 0x38, 0x75,
    0x7C, 0x79, 0x26, 0x29, 0x24, 0x79, 0x26, 0x29, 0x7C, 0x3A, 0x31, 0x28, 0x61, 0x6C, 0x24, 0x79,
    0x24, 0x70, 0x7C, 0x2F, 0x2C, 0x30, 0x35, 0x28, 0x7C, 0x38, 0x35, 0x2F, 0x3D, 0x3E, 0x30, 0x39,
    0x38, 0x60, 0x4D, 0x58, 0x5A, 0x56, 0x66, 0x1B, 0x62, 0x6E, 0x6D, 0x1B, 0x4E, 0x4B, 0x48, 0x58,
    0x5A, 0x57, 0x5E, 0x1B, 0x48, 0x4F, 0x5A, 0x5C, 0x52, 0x55, 0x5C, 0x1B, 0x59, 0x4E, 0x52, 0x57,
    0x4F, 0x1B, 0x1E, 0x41, 0x4E, 0x43, 0x1E, 0x41, 0x4E, 0x1B, 0x5D, 0x56, 0x4F, 0x06, 0x0B, 0x43,
    0x1E, 0x43, 0x1B, 0x13, 0x48, 0x57, 0x54, 0x4F, 0x1B, 0x1E, 0x5F, 0x17, 0x1B, 0x53, 0x5E, 0x5A,
    0x4F, 0x1B, 0x5D, 0x52, 0x43, 0x12, 0xBA, 0x97, 0x82, 0x80, 0x8C, 0xBC, 0xC1, 0xB8, 0xB4, 0xB7,
    0xC1, 0x92, 0xD3, 0x80, 0xC1, 0x87, 0x80, 0x88, 0x8D, 0x84, 0x85, 0xC1, 0xC9, 0xC4, 0x85, 0xC8,
    0xC1, 0x87, 0x8C, 0x95, 0xDC, 0xD1, 0x99, 0xC4, 0x99, 0xCD, 0xC1, 0x92, 0x91, 0x8D, 0x88, 0x95,
    0xC1, 0x85, 0x88, 0x92, 0x80, 0x83, 0x8D, 0x84, 0x85, 0x5C, 0x71, 0x64, 0x66, 0x6A, 0x5A, 0x27,
    0x6B, 0x66, 0x69, 0x62, 0x27, 0x37, 0x7F, 0x22, 0x7F, 0x27, 0x64, 0x6E, 0x75, 0x64, 0x72, 0x6E,
    0x73, 0x2A, 0x65, 0x75, 0x68, 0x6C, 0x62, 0x69, 0x27, 0x62, 0x7F, 0x77, 0x6E, 0x75, 0x62, 0x63,
    0x2B, 0x27, 0x75, 0x62, 0x73, 0x75, 0x7E, 0x27, 0x62, 0x69, 0x66, 0x65, 0x6B, 0x62, 0x63, 0x27,
    0x2F, 0x36, 0x29, 0x34, 0x29, 0x33, 0x3F, 0x2E, 0xD6, 0xFB, 0xEE, 0xEC, 0xE0, 0xD0, 0xAD, 0xC1,
    0xEC, 0xE3, 0xE8, 0xAD, 0xDE, 0xBC, 0xAD, 0xFE, 0xE8, 0xFE, 0xFE, 0xE4, 0xE2, 0xE3, 0xAD, 0xEE,
    0xFF, 0xE8, 0xEC, 0xF9, 0xE8, 0xE9, 0xAD, 0xA5, 0xD9, 0xFF, 0xE4, 0xE0, 0xA4, 0xDC, 0xF1, 0xE4,
    0xE6, 0xEA, 0xDA, 0xA7, 0xCB, 0xE6, 0xE9, 0xE2, 0xA7, 0xD4, 0xB5, 0xAF, 0xF7, 0xF5, 0xEE, 0xF1,
    0xE6, 0xF3, 0xE2, 0xAE, 0xA7, 0xF4, 0xE2, 0xF4, 0xF4, 0xEE, 0xE8, 0xE9, 0xA7, 0xE4, 0xF5, 0xE2,
    0xE6, 0xF3, 0xE2, 0xE3, 0xA7, 0xAF, 0xD3, 0xF5, 0xEE, 0xEA, 0xAE, 0x6D, 0x40, 0x55, 0x57, 0x5B,
    0x6B, 0x16, 0x5A, 0x57, 0x58, 0x53, 0x16, 0x52, 0x5F, 0x44, 0x53, 0x55, 0x42, 0x16, 0x6F, 0x63,
    0x60, 0x1B, 0x08, 0x06, 0x4E, 0x13, 0x4E, 0x16, 0x79, 0x7D, 0x16, 0x1E, 0x50, 0x57, 0x45, 0x42,
    0x16, 0x46, 0x57, 0x42, 0x5E, 0x1A, 0x16, 0x74, 0x71, 0x64, 0x77, 0x16, 0x52, 0x53, 0x42, 0x59,
    0x43, 0x44, 0x16, 0x45, 0x5D, 0x5F, 0x46, 0x46, 0x53, 0x52, 0x1F, 0x0C, 0x21, 0x34, 0x36, 0x3A,
    0x0A, 0x77, 0x3B, 0x36, 0x39, 0x32, 0x77, 0x33, 0x3E, 0x25, 0x32, 0x34, 0x23, 0x77, 0x0E, 0x02,
    0x01, 0x7A, 0x69, 0x67, 0x2F, 0x72, 0x2F, 0x77, 0x31, 0x36, 0x3E, 0x3B, 0x32, 0x33, 0x77, 0x7F,
    0x72, 0x33, 0x7E, 0x7B, 0x77, 0x31, 0x36, 0x3B, 0x3B, 0x35, 0x36, 0x34, 0x3C, 0x77, 0x23, 0x20,
    0x38, 0x7A, 0x24, 0x23, 0x32, 0x27, 0xE5, 0xC8, 0xDD, 0xDF, 0xD3, 0xE3, 0x9E, 0xE7, 0xEB, 0xE8,
    0x9E, 0xD2, 0xDF, 0xD0, 0xDB, 0x9E, 0xCD, 0xCA, 0xDF, 0xD9, 0xD7, 0xD0, 0xD9, 0x9E, 0xDC, 0xCB,
    0xD7, 0xD2, 0xCA, 0x9E, 0x9B, 0xC4, 0xCB, 0xC6, 0x9B, 0xC4, 0xCB, 0x9E, 0x96, 0xCD, 0xD2, 0xD1,
    0xCA, 0x9E, 0x9B, 0xDA, 0x97, 0x99, 0xB4, 0xA1, 0xA3, 0xAF, 0x9F, 0xE2, 0xAE, 0xA3, 0xAC, 0xA7,
    0xE2, 0x9B, 0x97, 0x94, 0xEF, 0xB1, 0xB6, 0xA3, 0xA5, 0xAB, 0xAC, 0xA5, 0xE2, 0xF2, 0xBA, 0xE7,
    0xBA, 0xE2, 0x8D, 0x89, 0xE2, 0xEA, 0x9B, 0x97, 0x94, 0xE2, 0xA6, 0xA7, 0xB6, 0xAD, 0xB7, 0xB0,
    0xEE, 0xE2, 0x80, 0x85, 0x90, 0x83, 0xE2, 0xA6, 0xA7, 0xB6, 0xAD, 0xB7, 0xB0, 0xE2, 0xB1, 0xA9,
    0xAB, 0xB2, 0xB2, 0xA7, 0xA6, 0xEB, 0xE3, 0xCE, 0xDB, 0xD9, 0xD5, 0xE5, 0x98, 0xD4, 0xD9, 0xD6,
    0xDD, 0x98, 0xE1, 0xED, 0xEE, 0x95, 0xCB, 0xCC, 0xD9, 0xDF, 0xD1, 0xD6, 0xDF, 0x98, 0x88, 0xC0,
    0x9D, 0xC0, 0x98, 0xDE, 0xD9, 0xD1, 0xD4, 0xDD, 0xDC, 0x98, 0x90, 0x9D, 0xDC, 0x91, 0x94, 0x98,
    0xDE, 0xD9, 0xD4, 0xD4, 0xDA, 0xD9, 0xDB, 0xD3, 0x98, 0xFA, 0xFF, 0xEA, 0xF9, 0x98, 0xCC, 0xCF,
    0xD7, 0x95, 0xCB, 0xCC, 0xDD, 0xC8, 0x27, 0x0A, 0x1F, 0x1D, 0x11, 0x21, 0x5C, 0x30, 0x1D, 0x12,
    0x19, 0x5C, 0x0F, 0x08, 0x1D, 0x1B, 0x15, 0x12, 0x1B, 0x5C, 0x1E, 0x09, 0x15, 0x10, 0x08, 0x5C,
    0x59, 0x06, 0x09, 0x04, 0x59, 0x06, 0x09, 0x5C, 0x54, 0x0F, 0x10, 0x13, 0x08, 0x5C, 0x59, 0x18,
    0x55, 0x66, 0x4B, 0x5E, 0x5C, 0x50, 0x60, 0x1D, 0x51, 0x5C, 0x53, 0x58, 0x1D, 0x4E, 0x0C, 0x1D,
    0x5B, 0x5C, 0x54, 0x51, 0x58, 0x59, 0x1D, 0x15, 0x18, 0x59, 0x14, 0x35, 0x18, 0x0D, 0x0F, 0x03,
    0x33, 0x4E, 0x37, 0x3B, 0x38, 0x4E, 0x1D, 0x5C, 0x0C, 0x4E, 0x08, 0x0F, 0x07, 0x02, 0x0B, 0x0A,
    0x4E, 0x46, 0x4B, 0x0A, 0x47, 0x4E, 0x08, 0x03, 0x1A, 0x53, 0x5E, 0x16, 0x4B, 0x16, 0x42, 0x4E,
    0x1D, 0x1E, 0x02, 0x07, 0x1A, 0x4E, 0x0A, 0x07, 0x1D, 0x0F, 0x0C, 0x02, 0x0B, 0x0A, 0x0F, 0x22,
    0x37, 0x35, 0x39, 0x09, 0x74, 0x38, 0x35, 0x3A, 0x31, 0x74, 0x17, 0x1D, 0x06, 0x17, 0x01, 0x1D,
    0x00, 0x79, 0x16, 0x06, 0x1B, 0x1F, 0x11, 0x1A, 0x74, 0x32, 0x3B, 0x26, 0x39, 0x35, 0x20, 0x74,
    0x71, 0x21, 0x74, 0x7C, 0x31, 0x26, 0x26, 0x78, 0x74, 0x3F, 0x31, 0x31, 0x24, 0x74, 0x37, 0x35,
    0x39, 0x31, 0x26, 0x35, 0x7D, 0x2D, 0x00, 0x15, 0x17, 0x1B, 0x2B, 0x56, 0x11, 0x04, 0x13, 0x13,
    0x18, 0x5B, 0x13, 0x12, 0x11, 0x13, 0x56, 0x10, 0x1F, 0x0E, 0x4C, 0x56, 0x34, 0x31, 0x24, 0x37,
    0x5B, 0x48, 0x2F, 0x23, 0x20, 0x56, 0x1A, 0x17, 0x18, 0x13, 0x56, 0x10, 0x04, 0x17, 0x15, 0x02,
    0x1F, 0x19, 0x18, 0x17, 0x1A, 0x56, 0x15, 0x04, 0x19, 0x06, 0x5A, 0x56, 0x06, 0x04, 0x13, 0x5B,
    0x15, 0x04, 0x19, 0x06, 0x56, 0x53, 0x0C, 0x03, 0x0E, 0x53, 0x0C, 0x03, 0x56, 0x5E, 0x47, 0x58,
    0x45, 0x58, 0x43, 0x46, 0x5F, 0xA0, 0x8D, 0x98, 0x9A, 0x96, 0xA6, 0xDB, 0x97, 0x9A, 0x95, 0x9E,
    0xDB, 0xB8, 0xB2, 0xA9, 0xB8, 0xAE, 0xB2, 0xAF, 0xD6, 0xB9, 0xA9, 0xB4, 0xB0, 0xBE, 0xB5, 0xDB,
    0x9D, 0x94, 0x89, 0x96, 0x9A, 0x8F, 0xDB, 0xDE, 0x8E, 0xDB, 0xD3, 0x9E, 0x89, 0x89, 0xDB, 0xDE,
    0x9F, 0xD7, 0xDB, 0x90, 0x9E, 0x9E, 0x8B, 0xDB, 0x98, 0x9A, 0x96, 0x9E, 0x89, 0x9A, 0xD2, 0x7A,
    0x27, 0xE6, 0xCB, 0xDE, 0xDC, 0xD0, 0xE0, 0x9D, 0xF1, 0xEF, 0xE8, 0x9D, 0xD8, 0xCB, 0xD4, 0xDE,
    0xC9, 0x9D, 0xCE, 0xC9, 0xCF, 0xD8, 0xDC, 0xD0, 0x9D, 0xD6, 0xD8, 0xC4, 0x9D, 0x98, 0xFD, 0x9D,
    0x95, 0xCD, 0xD2, 0xD2, 0xD1, 0x9D, 0xD3, 0xD2, 0xCA, 0x9D, 0x98, 0xD1, 0xC8, 0x94, 0xB6, 0x9B,
    0x8E, 0x8C, 0x80, 0xB0, 0xCD, 0x84, 0x89, 0x81, 0x88, 0xCD, 0x80, 0x88, 0x80, 0x82, 0x9F, 0x94,
    0xCD, 0x9F, 0x88, 0x81, 0x88, 0x8C, 0x9E, 0x88, 0xD7, 0xCD, 0xC8, 0x81, 0x98, 0xCD, 0x9E, 0x99,
    0x9F, 0x88, 0x8C, 0x80, 0xC2, 0x8A, 0x9F, 0x82, 0x98, 0x9D, 0xCD, 0x88, 0x83, 0x99, 0x9F, 0x84,
    0x88, 0x9E, 0xCD, 0x8B, 0x9F, 0x88, 0x88, 0x89, 0x9D, 0xB0, 0xA5, 0xA7, 0xAB, 0x9B, 0xE6, 0xAF,
    0xA2, 0xAA, 0xA3, 0xE6, 0xAE, 0xA3, 0xA7, 0xB0, 0xBF, 0xE6, 0xA4, 0xB3, 0xA0, 0xA0, 0xA3, 0xB4,
    0xB5, 0xE6, 0xB4, 0xA3, 0xAA, 0xA3, 0xA7, 0xB5, 0xA3, 0xA2, 0xFC, 0xE6, 0xE3, 0xAA, 0xB3, 0xE6,
    0xA3, 0xA8, 0xB2, 0xB4, 0xAF, 0xA3, 0xB5, 0xE6, 0xEE, 0xAC, 0xA3, 0xB2, 0xB5, 0xA7, 0xAB, 0xE6,
    0xA1, 0xB3, 0xA7, 0xB4, 0xA2, 0xEF, 0xB7, 0xE7, 0xEA, 0xB7, 0xE7, 0xCD, 0xB7, 0xE7, 0xA8, 0xB7,
    0xFE, 0xFE, 0xE7, 0xBD, 0xB7, 0xFE, 0xFE, 0xE7, 0xDF, 0xD0, 0xBA, 0xB7, 0xBC, 0xA3, 0xF4, 0xBE,
    0xB7, 0xBC, 0xA3, 0xF4, 0xFF, 0xE1, 0xBB, 0xE0, 0xB0, 0x9D, 0x88, 0x8A, 0x86, 0xB6, 0xCB, 0xAC,
    0xBB, 0xBE, 0xCB, 0x99, 0x8E, 0x85, 0x8F, 0x8E, 0x99, 0xCB, 0x8A, 0x9D, 0x8C, 0xCB, 0xCE, 0xC5,
    0xD9, 0x8D, 0x86, 0x98, 0xC4, 0x8D, 0x99, 0x8A, 0x86, 0x8E, 0xCB, 0xC3, 0xCE, 0x87, 0x87, 0x9E,
    0xCB, 0x8D, 0x99, 0x8A, 0x86, 0x8E, 0x98, 0xC2, 0x06, 0x2B, 0x3E, 0x3C, 0x30, 0x00, 0x7D, 0x1A,
    0x0D, 0x08, 0x7D, 0x2F, 0x38, 0x33, 0x39, 0x38, 0x2F, 0x7D, 0x38, 0x25, 0x3E, 0x38, 0x2D, 0x29,
    0x34, 0x32, 0x33, 0x67, 0x7D, 0x78, 0x1D, 0x51, 0x7C, 0x69, 0x6B, 0x67, 0x57, 0x2A, 0x78, 0x6F,
    0x79, 0x7F, 0x66, 0x7E, 0x27, 0x69, 0x6B, 0x69, 0x62, 0x6F, 0x2A, 0x68, 0x66, 0x63, 0x7E, 0x2A,
    0x78, 0x6F, 0x60, 0x6F, 0x69, 0x7E, 0x6F, 0x6E, 0x2A, 0x22, 0x2F, 0x6E, 0x23, 0x26, 0x2A, 0x6E,
    0x63, 0x79, 0x6B, 0x68, 0x66, 0x6F, 0x6E, 0x2A, 0x6C, 0x65, 0x78, 0x2A, 0x2F, 0x4A, 0x50, 0x0D,
    0x12, 0x53, 0x8E, 0xA3, 0xB6, 0xB4, 0xB8, 0x88, 0xF5, 0xB2, 0xA7, 0xBA, 0xA0, 0xA5, 0xF5, 0xA6,
    0xA1, 0xB4, 0xB2, 0xBC, 0xBB, 0xB2, 0xF5, 0xF0, 0x95, 0xF5, 0xB7, 0xA0, 0xBC, 0xB9, 0xA1, 0xF5,
    0xF0, 0xAF, 0xA0, 0xAD, 0xF0, 0xAF, 0xA0, 0x8D, 0xA0, 0xB5, 0xB7, 0xBB, 0x8B, 0xF6, 0xB1, 0xA4,
    0xB9, 0xA3, 0xA6, 0xF6, 0xA5, 0xE7, 0xF6, 0xB0, 0xB7, 0xBF, 0xBA, 0xB3, 0xB2, 0xF6, 0xFE, 0xF3,
    0xB2, 0xFF, 0xF6, 0xF3, 0x96, 0xFA, 0xF6, 0xB0, 0xB7, 0xBA, 0xBA, 0xB4, 0xB7, 0xB5, 0xBD, 0xF6,
    0xBA, 0xB3, 0xB1, 0xB7, 0xB5, 0xAF, 0xAE, 0x83, 0x96, 0x94, 0x98, 0xA8, 0xD5, 0x87, 0x90, 0x86,
    0x80, 0x99, 0x81, 0xD8, 0x96, 0x94, 0x96, 0x9D, 0x90, 0xD5, 0x97, 0x99, 0x9C, 0x81, 0xDD, 0x97,
    0x80, 0x9C, 0x99, 0x91, 0xDC, 0xD5, 0x87, 0x90, 0x9F, 0x90, 0x96, 0x81, 0x90, 0x91, 0xD5, 0xDD,
    0xD0, 0x91, 0xDC, 0xD9, 0xD5, 0x91, 0x9C, 0x86, 0x94, 0x97, 0x99, 0x90, 0x91, 0xD5, 0x93, 0x9A,
    0x87, 0xD5, 0xD0, 0xB5, 0x42, 0x6F, 0x7A, 0x78, 0x74, 0x44, 0x39, 0x2B, 0x6A, 0x6D, 0x7C, 0x69,
    0x39, 0x6A, 0x6D, 0x78, 0x7E, 0x70, 0x77, 0x7E, 0x39, 0x7A, 0x6B, 0x7C, 0x78, 0x6D, 0x7C, 0x7D,
    0x39, 0x7F, 0x76, 0x6B, 0x39, 0x6A, 0x6D, 0x6B, 0x7C, 0x78, 0x74, 0x39, 0x3C, 0x59, 0x39, 0x7F,
    0x74, 0x6D, 0x24, 0x3C, 0x59, 0x14, 0x39, 0x2C, 0x2E, 0x22, 0x12, 0x6F, 0x3C, 0x2E, 0x22, 0x2A,
    0x62, 0x29, 0x22, 0x3B, 0x6F, 0x3C, 0x3B, 0x2E, 0x28, 0x26, 0x21, 0x28, 0x6F, 0x3D, 0x2A, 0x25,
    0x2A, 0x2C, 0x3B, 0x2A, 0x2B, 0x6F, 0x67, 0x6A, 0x2B, 0x66, 0x63, 0x6F, 0x29, 0x2E, 0x23, 0x23,
    0x2D, 0x2E, 0x2C, 0x24, 0x6F, 0x0D, 0x08, 0x1D, 0x0E, 0x6F, 0x29, 0x20, 0x3D, 0x6F, 0x6A, 0x0F,
    0x43, 0x6E, 0x7B, 0x79, 0x75, 0x45, 0x38, 0x2A, 0x6B, 0x6C, 0x7D, 0x68, 0x38, 0x6B, 0x6C, 0x79,
    0x7F, 0x7D, 0x29, 0x38, 0x5B, 0x51, 0x4A, 0x5B, 0x4D, 0x51, 0x4C, 0x35, 0x5A, 0x4A, 0x57, 0x53,
    0x5D, 0x56, 0x38, 0x7E, 0x77, 0x6A, 0x38, 0x6B, 0x6C, 0x6A, 0x7D, 0x79, 0x75, 0x38, 0x3D, 0x58,
    0x38, 0x30, 0x7D, 0x6A, 0x6A, 0x38, 0x3D, 0x7C, 0x34, 0x38, 0x73, 0x7D, 0x7D, 0x68, 0x38, 0x7B,
    0x79, 0x75, 0x7D, 0x6A, 0x79, 0x31, 0xB4, 0x99, 0x8C, 0x8E, 0x82, 0xB2, 0xCF, 0xDD, 0x9C, 0x9B,
    0x8A, 0x9F, 0xCF, 0x9C, 0x9B, 0x8E, 0x88, 0x8A, 0xDE, 0xCF, 0x89, 0x8E, 0x86, 0x83, 0x8A, 0x8B,
    0xD5, 0xCF, 0xCA, 0x8B, 0xCF, 0x84, 0x8A, 0x96, 0xD2, 0xCA, 0xAF, 0xCF, 0xC7, 0x89, 0x8E, 0x86,
    0x83, 0xCF, 0xCA, 0x83, 0x8B, 0xC6, 0x00, 0x2D, 0x38, 0x3A, 0x36, 0x06, 0x7B, 0x69, 0x28, 0x2F,
    0x3E, 0x2B, 0x7B, 0x18, 0x12, 0x09, 0x18, 0x0E, 0x12, 0x0F, 0x76, 0x19, 0x09, 0x14, 0x10, 0x1E,
    0x15, 0x7B, 0x3D, 0x34, 0x29, 0x7B, 0x28, 0x2F, 0x29, 0x3E, 0x3A, 0x36, 0x7B, 0x7E, 0x1B, 0x7B,
    0x73, 0x2E, 0x35, 0x28, 0x2E, 0x2B, 0x2B, 0x34, 0x29, 0x2F, 0x3E, 0x3F, 0x7B, 0x38, 0x34, 0x36,
    0x39, 0x34, 0x77, 0x7B, 0x30, 0x3E, 0x3E, 0x2B, 0x7B, 0x38, 0x3A, 0x36, 0x3E, 0x29, 0x3A, 0x7B,
    0x3D, 0x29, 0x3A, 0x36, 0x3E, 0x72, 0x3B, 0x16, 0x03, 0x01, 0x0D, 0x3D, 0x40, 0x52, 0x13, 0x14,
    0x05, 0x10, 0x40, 0x13, 0x14, 0x01, 0x07, 0x05, 0x52, 0x40, 0x06, 0x01, 0x09, 0x0C, 0x05, 0x04,
    0x5A, 0x40, 0x45, 0x04, 0x40, 0x0B, 0x05, 0x19, 0x5D, 0x45, 0x20, 0x40, 0x48, 0x06, 0x01, 0x09,
    0x0C, 0x40, 0x45, 0x0C, 0x04, 0x49, 0x85, 0xDE, 0xC7, 0xDA, 0x85, 0xDC, 0xC9, 0xCB, 0xC7, 0xF5,
    0xDA, 0xC6, 0xCB, 0xD3, 0xCF, 0xD8, 0xF5, 0xC6, 0xC5, 0xCD, 0x84, 0xDE, 0xD2, 0xDE, 0x80, 0x8C,
    0x8E, 0xCD, 0x95, 0x80, 0x82, 0x8E, 0xCD, 0x95, 0x8A, 0x87, 0x86, 0x8C, 0x91, 0x86, 0x82, 0x87,
    0x86, 0x91, 0xA3, 0xAF, 0xAD, 0xEE, 0xB6, 0xA3, 0xA1, 0xAD, 0xEE, 0xA4, 0xA5, 0xA3, 0xAF, 0xA4,
    0xA5, 0xB2, 0x11, 0x3C, 0x29, 0x2B, 0x27, 0x17, 0x6A, 0x06, 0x25, 0x29, 0x2B, 0x26, 0x1C, 0x23,
    0x2E, 0x2F, 0x25, 0x1A, 0x26, 0x2B, 0x33, 0x2F, 0x38, 0x6A, 0x23, 0x24, 0x23, 0x3E, 0x23, 0x2B,
    0x26, 0x23, 0x30, 0x2F, 0x2E, 0x6A, 0x3D, 0x23, 0x3E, 0x22, 0x6A, 0x2C, 0x38, 0x2B, 0x27, 0x2F,
    0x6A, 0x3B, 0x3F, 0x2F, 0x3F, 0x2F, 0x6A, 0x62, 0x29, 0x2B, 0x3A, 0x2B, 0x29, 0x23, 0x3E, 0x33,
    0x70, 0x6A, 0x6F, 0x26, 0x2E, 0x63, 0x6A, 0x2B, 0x24, 0x2E, 0x6A, 0x3A, 0x38, 0x2F, 0x3A, 0x38,
    0x25, 0x29, 0x2F, 0x39, 0x39, 0x6A, 0x3A, 0x23, 0x3A, 0x2F, 0x26, 0x23, 0x24, 0x2F, 0x54, 0x79,
    0x6C, 0x6E, 0x62, 0x52, 0x2F, 0x43, 0x60, 0x6C, 0x6E, 0x63, 0x59, 0x66, 0x6B, 0x6A, 0x60, 0x5F,
    0x63, 0x6E, 0x76, 0x6A, 0x7D, 0x2F, 0x6B, 0x6A, 0x6E, 0x63, 0x63, 0x60, 0x6C, 0x6E, 0x7B, 0x6A,
    0x6B, 0xC2, 0xDF, 0x9B, 0x85, 0x87, 0x9E, 0x26, 0x7F, 0x3D, 0x99, 0xCD, 0xDA, 0xBF, 0xA8, 0xB7,
    0x7B, 0x7D, 0x60, 0x59, 0x43, 0x54, 0xDA, 0xC0, 0xD5, 0xD7, 0x4C, 0x52, 0x5B, 0x88, 0x85, 0x89,
    0x83, 0x7E, 0x73, 0x7F, 0x70, 0xF1, 0xFE, 0xE3, 0xF4, 0xFA, 0xF5, 0x62, 0x63, 0x65, 0x69, 0x62,
    0x63, 0x4B, 0x67, 0x7E, 0x43, 0x62, 0x61, 0x63, 0x99, 0xA6, 0xAB, 0xAA, 0xA0, 0xEF, 0xA9, 0xA6,
    0xA3, 0xAA, 0xEF, 0xA1, 0xA0, 0xBB, 0xEF, 0xA9, 0xA0, 0xBA, 0xA1, 0xAB, 0xD6, 0xC3, 0xE1, 0xED,
    0x6A, 0x4B, 0x04, 0x54, 0x45, 0x50, 0x4C, 0x83, 0xAE, 0xBB, 0xB9, 0xB5, 0x85, 0xF8, 0xB9, 0xBB,
    0xAC, 0xB1, 0xAE, 0xBD, 0x88, 0xB4, 0xB9, 0xA1, 0xBA, 0xB9, 0xBB, 0xB3, 0x88, 0xB9, 0xAC, 0xB0,
    0xF8, 0xB1, 0xB6, 0xF8, 0xA8, 0xB4, 0xB1, 0xAB, 0xAC, 0xF8, 0xBA, 0xAD, 0xAC, 0xF8, 0xBE, 0xB1,
    0xB4, 0xBD, 0xF8, 0xB5, 0xB1, 0xAB, 0xAB, 0xB1, 0xB6, 0xBF, 0xE2, 0xF8, 0xFD, 0x98, 0x8F, 0xA0,
    0xA5, 0xAC, 0xE9, 0xA7, 0xA6, 0xBD, 0xE9, 0xAF, 0xA6, 0xBC, 0xA7, 0xAD, 0x15, 0x38, 0x2D, 0x2F,
    0x23, 0x13, 0x6E, 0x0A, 0x2B, 0x3A, 0x2B, 0x2D, 0x3A, 0x2B, 0x2A, 0x6E, 0x38, 0x27, 0x2A, 0x2B,
    0x21, 0x6E, 0x28, 0x27, 0x22, 0x2B, 0x74, 0x6E, 0x6B, 0x0E, 0xAD, 0x80, 0x95, 0x97, 0x9B, 0xAB,
    0xD6, 0xB2, 0x93, 0x82, 0x93, 0x95, 0x82, 0x93, 0x92, 0xD6, 0x9F, 0x9B, 0x97, 0x91, 0x93, 0xD6,
    0x90, 0x9F, 0x9A, 0x93, 0xCC, 0xD6, 0xD3, 0xB6, 0x07, 0x2A, 0x3F, 0x3D, 0x31, 0x01, 0x7C, 0x09,
    0x32, 0x2F, 0x29, 0x2C, 0x2C, 0x33, 0x2E, 0x28, 0x39, 0x38, 0x7C, 0x33, 0x2E, 0x7C, 0x31, 0x35,
    0x2F, 0x2F, 0x35, 0x32, 0x3B, 0x7C, 0x31, 0x39, 0x38, 0x35, 0x3D, 0x7C, 0x3A, 0x35, 0x30, 0x39,
    0x66, 0x7C, 0x79, 0x1C, 0x8E, 0xB5, 0xA8, 0xAE, 0xAB, 0xAB, 0xB4, 0xA9, 0xAF, 0xBE, 0xBF, 0xFB,
    0xBD, 0xB4, 0xA9, 0xB6, 0xBA, 0xAF, 0x67, 0x4A, 0x5F, 0x5D, 0x51, 0x61, 0x1C, 0x70, 0x53, 0x5D,
    0x58, 0x55, 0x52, 0x5B, 0x1C, 0x4A, 0x55, 0x58, 0x59, 0x53, 0x06, 0x1C, 0x19, 0x7C, 0x63, 0x4E,
    0x5B, 0x59, 0x55, 0x65, 0x18, 0x76, 0x5D, 0x4F, 0x18, 0x79, 0x6E, 0x6D, 0x6A, 0x74, 0x79, 0x4B,
    0x4B, 0x5D, 0x4C, 0x18, 0x5B, 0x4A, 0x5D, 0x59, 0x4C, 0x5D, 0x5C, 0x18, 0x5E, 0x57, 0x4A, 0x18,
    0x1D, 0x78, 0x00, 0x21, 0x6E, 0x38, 0x27, 0x2A, 0x2B, 0x21, 0x6E, 0x3A, 0x3C, 0x2F, 0x2D, 0x25,
    0x6E, 0x28, 0x21, 0x3B, 0x20, 0x2A, 0x97, 0xB6, 0xF9, 0xAF, 0xB0, 0xBD, 0xBC, 0xB6, 0xF9, 0xAD,
    0xAB, 0xB8, 0xBA, 0xB2, 0xC4, 0xE9, 0xFC, 0xFE, 0xF2, 0xC2, 0xBF, 0xFB, 0xFA, 0xFC, 0xF0, 0xFB,
    0xFA, 0xBF, 0xFB, 0xF0, 0xE8, 0xF1, 0xEC, 0xFC, 0xFE, 0xF3, 0xFA, 0xA5, 0xBF, 0xBA, 0xE5, 0xEA,
    0xE7, 0xBA, 0xE5, 0xEA, 0xBF, 0xB2, 0xA1, 0xBF, 0xBA, 0xE5, 0xEA, 0xE7, 0xBA, 0xE5, 0xEA, 0xBF,
    0xB7, 0xF2, 0xFE, 0xE7, 0xDA, 0xFB, 0xF8, 0xFA, 0xA2, 0xBA, 0xE5, 0xEA, 0xB3, 0xBF, 0xDC, 0xCF,
    0xCA, 0xBF, 0xE1, 0xBA, 0xB1, 0xAE, 0xF9, 0xE7, 0xBF, 0xFB, 0xF0, 0xE8, 0xF1, 0xB6, 0xF2, 0xDF,
    0xCA, 0xC8, 0xC4, 0xF4, 0x89, 0xFF, 0xC0, 0xCD, 0xCC, 0xC6, 0x89, 0xC5, 0xC6, 0xC8, 0xCD, 0xCC,
    0xCD, 0x93, 0x89, 0x8C, 0xE9, 0x89, 0x81, 0x8C, 0x87, 0x99, 0xCF, 0xD1, 0x8C, 0x87, 0x99, 0xCF,
    0x89, 0xE9, 0x89, 0x8C, 0x87, 0x98, 0xCF, 0xCF, 0xD9, 0xDA, 0x85, 0x89, 0x8C, 0x87, 0x98, 0xCF,
    0xDA, 0x85, 0x89, 0xD9, 0xDB, 0xCC, 0xCF, 0xCC, 0xDB, 0xDB, 0xCC, 0xCD, 0xFB, 0xC6, 0xDD, 0x94,
    0x8C, 0xCD, 0x80, 0x04, 0x29, 0x3C, 0x3E, 0x32, 0x02, 0x7F, 0x19, 0x3E, 0x36, 0x33, 0x3A, 0x3B,
    0x7F, 0x2B, 0x30, 0x7F, 0x3C, 0x2D, 0x3A, 0x3E, 0x2B, 0x3A, 0x7F, 0x3E, 0x2C, 0x2C, 0x3A, 0x2B,
    0x7F, 0x2D, 0x3A, 0x3E, 0x3B, 0x3A, 0x2D, 0x65, 0x7F, 0x7A, 0x1F, 0xDB, 0xF6, 0xE3, 0xE1, 0xED,
    0xDD, 0xA0, 0xC3, 0xE1, 0xEE, 0xEE, 0xEF, 0xF4, 0xA0, 0xE1, 0xE4, 0xE4, 0xA0, 0xF6, 0xE9, 0xE4,
    0xE5, 0xEF, 0xA0, 0xEF, 0xF5, 0xF4, 0xF0, 0xF5, 0xF4, 0xEB, 0xC6, 0xD3, 0xD1, 0xDD, 0xED, 0x90,
    0xE2, 0xD5, 0xD1, 0xD4, 0xD5, 0xC2, 0x90, 0xC3, 0xD5, 0xD5, 0xDB, 0x90, 0xC4, 0xDF, 0x90, 0x95,
    0x9E, 0x82, 0xD6, 0xC3, 0x90, 0xD6, 0xDF, 0xC2, 0x90, 0xD9, 0xD4, 0xDC, 0xD5, 0x90, 0xC2, 0xD5,
    0xC3, 0xC5, 0xDD, 0xD5, 0x90, 0x98, 0xD4, 0xC5, 0xC2, 0xD1, 0xC4, 0xD9, 0xDF, 0xDE, 0x90, 0x95,
    0x9E, 0x81, 0xD6, 0xC3, 0x99, 0xD7, 0xFA, 0xEF, 0xED, 0xE1, 0xD1, 0xAC, 0xCA, 0xED, 0xE5, 0xE0,
    0xE9, 0xE8, 0xAC, 0xF8, 0xE3, 0xAC, 0xFF, 0xF8, 0xED, 0xFE, 0xF8, 0xAC, 0xFE, 0xE9, 0xED, 0xE8,
    0xE5, 0xE2, 0xEB, 0xB6, 0xAC, 0xA9, 0xCC, 0x39, 0x14, 0x01, 0x03, 0x0F, 0x3F, 0x42, 0x30, 0x07,
    0x03, 0x06, 0x07, 0x10, 0x42, 0x10, 0x07, 0x00, 0x17, 0x0B, 0x0E, 0x16, 0x42, 0x0D, 0x0C, 0x42,
    0x06, 0x07, 0x01, 0x0D, 0x06, 0x07, 0x42, 0x16, 0x0A, 0x10, 0x07, 0x03, 0x06, 0x58, 0x42, 0x47,
    0x22, 0x42, 0x4A, 0x12, 0x10, 0x07, 0x04, 0x0B, 0x0E, 0x0E, 0x07, 0x06, 0x42, 0x47, 0x0E, 0x17,
    0x42, 0x04, 0x10, 0x03, 0x0F, 0x07, 0x11, 0x4E, 0x42, 0x05, 0x07, 0x0C, 0x5F, 0x47, 0x0E, 0x0E,
    0x06, 0x4B, 0x62, 0x4F, 0x5A, 0x58, 0x54, 0x64, 0x19, 0x75, 0x56, 0x58, 0x5D, 0x50, 0x57, 0x5E,
    0x19, 0x50, 0x54, 0x58, 0x5E, 0x5C, 0x03, 0x19, 0x1C, 0x79, 0xFB, 0xD6, 0xC3, 0xC1, 0xCD, 0xFD,
    0x80, 0xE9, 0xCD, 0xC1, 0xC7, 0xC5, 0x80, 0xC6, 0xC9, 0xCC, 0xC5, 0x80, 0xCE, 0xCF, 0xD4, 0x80,
    0xC6, 0xCF, 0xD5, 0xCE, 0xC4, 0x79, 0x5D, 0x51, 0x57, 0x55, 0x10, 0x5E, 0x5F, 0x44, 0x10, 0x56,
    0x5F, 0x45, 0x5E, 0x54, 0x76, 0x51, 0x59, 0x5C, 0x55, 0x54, 0x10, 0x44, 0x5F, 0x10, 0x54, 0x55,
    0x53, 0x5F, 0x54, 0x55, 0x10, 0x59, 0x5D, 0x51, 0x57, 0x55, 0xFC, 0xDD, 0xDB, 0xD7, 0xDC, 0xDD,
    0x98, 0xDE, 0xD9, 0xD1, 0xD4, 0xDD, 0xDC, 0xA9, 0x84, 0x91, 0x93, 0x9F, 0xAF, 0xD2, 0xB1, 0xA4,
    0xA2, 0x9B, 0x8A, 0x97, 0x9E, 0xB0, 0x87, 0x94, 0x94, 0x97, 0x80, 0xB1, 0x80, 0x97, 0x93, 0x86,
    0x97, 0xD2, 0x94, 0x93, 0x9B, 0x9E, 0x97, 0x96, 0xC8, 0xD2, 0xD7, 0x96, 0x60, 0x57, 0x44, 0x44,
    0x47, 0x50, 0x02, 0x41, 0x50, 0x47, 0x43, 0x56, 0x47, 0x02, 0x44, 0x43, 0x4B, 0x4E, 0x47, 0x46,
    0xA2, 0x8F, 0x9A, 0x98, 0x94, 0xA4, 0xD9, 0xB0, 0x94, 0x98, 0x9E, 0x9C, 0xD9, 0x95, 0x96, 0x98,
    0x9D, 0x9C, 0x9D, 0xC3, 0xD9, 0xDC, 0xB9, 0xD9, 0xD1, 0xDC, 0x83, 0x8C, 0x81, 0xDC, 0x83, 0x8C,
    0xD0, 0x22, 0x0F, 0x1A, 0x18, 0x14, 0x24, 0x59, 0x35, 0x16, 0x16, 0x09, 0x10, 0x17, 0x1E, 0x59,
    0x0F, 0x10, 0x1D, 0x1C, 0x16, 0x59, 0x1F, 0x0B, 0x16, 0x14, 0x59, 0x1B, 0x1C, 0x1E, 0x10, 0x17,
    0x17, 0x10, 0x17, 0x1E, 0x19, 0x34, 0x21, 0x23, 0x2F, 0x1F, 0x62, 0x04, 0x23, 0x2B, 0x2E, 0x27,
    0x26, 0x62, 0x36, 0x2D, 0x62, 0x21, 0x30, 0x27, 0x23, 0x36, 0x27, 0x62, 0x23, 0x31, 0x31, 0x27,
    0x36, 0x62, 0x30, 0x27, 0x23, 0x26, 0x27, 0x30, 0x62, 0x24, 0x2D, 0x30, 0x62, 0x2E, 0x2D, 0x2D,
    0x32, 0x78, 0x62, 0x67, 0x02, 0x47, 0x46, 0x40, 0x4C, 0x47, 0x46, 0x6F, 0x4C, 0x4C, 0x53, 0x73,
    0x66, 0x64, 0x68, 0x2B, 0x61, 0x60, 0x66, 0x6A, 0x61, 0x60, 0x77, 0x43, 0x6E, 0x7B, 0x79, 0x75,
    0x45, 0x38, 0x5C, 0x7D, 0x7B, 0x77, 0x7C, 0x71, 0x76, 0x7F, 0x38, 0x6C, 0x70, 0x6A, 0x7D, 0x79,
    0x7C, 0x38, 0x6B, 0x6C, 0x79, 0x6A, 0x6C, 0x7D, 0x7C, 0x38, 0x30, 0x68, 0x7D, 0x6A, 0x6B, 0x71,
    0x6B, 0x6C, 0x7D, 0x76, 0x6C, 0x31, 0x6F, 0x42, 0x57, 0x55, 0x59, 0x69, 0x14, 0x70, 0x51, 0x57,
    0x5B, 0x50, 0x5D, 0x5A, 0x53, 0x14, 0x44, 0x55, 0x41, 0x47, 0x51, 0x50, 0x14, 0x1C, 0x40, 0x5C,
    0x46, 0x51, 0x55, 0x50, 0x14, 0x44, 0x51, 0x46, 0x47, 0x5D, 0x47, 0x40, 0x51, 0x5A, 0x40, 0x1D,
    0x85, 0xA8, 0xBD, 0xBF, 0xB3, 0x83, 0xFE, 0x97, 0xBA, 0xB2, 0xBB, 0xFE, 0xAB, 0xB0, 0xB2, 0xB1,
    0xBF, 0xBA, 0xFE, 0xAC, 0xBB, 0xAF, 0xAB, 0xBB, 0xAD, 0xAA, 0xBB, 0xBA, 0xFE, 0xF6, 0xB4, 0xBB,
    0xAA, 0xAD, 0xBF, 0xB3, 0xFE, 0xB9, 0xAB, 0xBF, 0xAC, 0xBA, 0xF7, 0x6E, 0x43, 0x56, 0x54, 0x58,
    0x68, 0x15, 0x78, 0x50, 0x51, 0x5C, 0x54, 0x15, 0x45, 0x5C, 0x45, 0x50, 0x59, 0x5C, 0x5B, 0x50,
    0x15, 0x47, 0x50, 0x59, 0x50, 0x54, 0x46, 0x50, 0x51, 0x15, 0x5A, 0x5B, 0x15, 0x51, 0x50, 0x56,
    0x5A, 0x51, 0x50, 0x15, 0x41, 0x5D, 0x47, 0x50, 0x54, 0x51, 0x15, 0x1D, 0x5C, 0x51, 0x59, 0x50,
    0x15, 0x40, 0x5B, 0x59, 0x5A, 0x54, 0x51, 0x1C, 0xA6, 0x8B, 0x9E, 0x9C, 0x90, 0xA0, 0xDD, 0xBB,
    0x8F, 0x9C, 0x90, 0x98, 0xDD, 0x8C, 0x88, 0x98, 0x88, 0x98, 0xDD, 0x9E, 0x91, 0x98, 0x9C, 0x8F,
    0x98, 0x99, 0xEE, 0xC3, 0xD6, 0xD4, 0xD8, 0xE8, 0x95, 0xF6, 0xD4, 0xDB, 0xDB, 0xDA, 0xC1, 0x95,
    0xC2, 0xD4, 0xC1, 0xD6, 0xDD, 0x8F, 0x95, 0xDC, 0xDB, 0xC3, 0xD4, 0xD9, 0xDC, 0xD1, 0x95, 0xC5,
    0xD4, 0xC1, 0xDD, 0x76, 0x5B, 0x4E, 0x4C, 0x40, 0x70, 0x0D, 0x7F, 0x48, 0x4A, 0x44, 0x5E, 0x59,
    0x48, 0x5F, 0x48, 0x49, 0x0D, 0x7B, 0x6E, 0x4C, 0x40, 0x63, 0x42, 0x59, 0x44, 0x4B, 0x54, 0x0D,
    0x41, 0x44, 0x5E, 0x59, 0x48, 0x43, 0x48, 0x5F, 0x0D, 0x4B, 0x42, 0x5F, 0x0D, 0x5F, 0x48, 0x41,
    0x42, 0x4C, 0x49, 0x00, 0x40, 0x48, 0x49, 0x44, 0x4C, 0x7A, 0x76, 0x74, 0x37, 0x6F, 0x7A, 0x78,
    0x74, 0x37, 0x7F, 0x70, 0x75, 0x7C, 0x6E, 0x78, 0x6D, 0x7A, 0x71, 0x00, 0x2D, 0x38, 0x3A, 0x36,
    0x06, 0x7B, 0x08, 0x2F, 0x3A, 0x29, 0x2F, 0x3E, 0x3F, 0x7B, 0x2C, 0x3A, 0x2F, 0x38, 0x33, 0x32,
    0x35, 0x3C, 0x7B, 0x3D, 0x32, 0x37, 0x3E, 0x61, 0x7B, 0x7E, 0x1B, 0x77, 0x5A, 0x4F, 0x4D, 0x41,
    0x71, 0x0C, 0x7F, 0x58, 0x43, 0x5C, 0x5C, 0x49, 0x48, 0x0C, 0x5B, 0x4D, 0x58, 0x4F, 0x44, 0x45,
    0x42, 0x4B, 0x0C, 0x4A, 0x45, 0x40, 0x49, 0x94, 0xB9, 0xAC, 0xAE, 0xA2, 0x92, 0xEF, 0x89, 0xA6,
    0xA3, 0xAA, 0xEF, 0xA6, 0xA1, 0xA9, 0xA0, 0xEF, 0xE2, 0xEF, 0xBC, 0xA6, 0xB5, 0xAA, 0xF5, 0xEF,
    0xEA, 0xA3, 0xA3, 0xBA, 0xE3, 0xEF, 0xA6, 0xA1, 0xA0, 0xAB, 0xAA, 0xF5, 0xEF, 0xEA, 0xA3, 0xA3,
    0xBA, 0xE3, 0xEF, 0xA2, 0xBB, 0xA6, 0xA2, 0xAA, 0xF5, 0xEF, 0xEA, 0xE1, 0xFF, 0xA9, 0x2E, 0x03,
    0x16, 0x14, 0x18, 0x28, 0x55, 0x34, 0x16, 0x01, 0x1C, 0x03, 0x10, 0x55, 0x06, 0x1A, 0x00, 0x07,
    0x16, 0x10, 0x55, 0x18, 0x1C, 0x06, 0x06, 0x1C, 0x1B, 0x12, 0x59, 0x55, 0x16, 0x19, 0x10, 0x14,
    0x07, 0x1C, 0x1B, 0x12, 0x4F, 0x55, 0x50, 0x35, 0x36, 0x1B, 0x0E, 0x0C, 0x00, 0x30, 0x4D, 0x24,
    0x03, 0x02, 0x09, 0x08, 0x4D, 0x0E, 0x05, 0x0C, 0x03, 0x0A, 0x08, 0x09, 0x57, 0x4D, 0x48, 0x01,
    0x01, 0x18, 0x4D, 0x40, 0x53, 0x4D, 0x48, 0x01, 0x01, 0x18, 0x31, 0x1C, 0x09, 0x0B, 0x07, 0x37,
    0x4A, 0x39, 0x03, 0x10, 0x0F, 0x4A, 0x09, 0x02, 0x0B, 0x04, 0x0D, 0x0F, 0x0E, 0x50, 0x4A, 0x4F,
    0x06, 0x06, 0x1F, 0x4A, 0x47, 0x54, 0x4A, 0x4F, 0x06, 0x06, 0x1F, 0x45, 0x68, 0x7D, 0x7F, 0x73,
    0x43, 0x3E, 0x53, 0x71, 0x7A, 0x77, 0x78, 0x77, 0x7D, 0x7F, 0x6A, 0x77, 0x71, 0x70, 0x3E, 0x6A,
    0x77, 0x73, 0x7B, 0x3E, 0x7D, 0x76, 0x7F, 0x70, 0x79, 0x7B, 0x7A, 0x24, 0x3E, 0x3B, 0x30, 0x2E,
    0x78, 0x3E, 0x33, 0x20, 0x3E, 0x3B, 0x30, 0x2E, 0x78, 0x61, 0x4C, 0x59, 0x5B, 0x57, 0x67, 0x1A,
    0x77, 0x5F, 0x5E, 0x53, 0x5B, 0x1A, 0x59, 0x52, 0x5B, 0x54, 0x5D, 0x5F, 0x5E, 0x00, 0x1A, 0x1F,
    0x7A, 0x16, 0x1A, 0x48, 0x5F, 0x56, 0x55, 0x5B, 0x5E, 0x53, 0x54, 0x5D, 0x14, 0x14, 0x14, 0xA3,
    0x8E, 0x9B, 0x99, 0x95, 0xA5, 0xD8, 0xAA, 0x9D, 0x94, 0x97, 0x99, 0x9C, 0x91, 0x96, 0x9F, 0xD8,
    0x95, 0x9D, 0x9C, 0x91, 0x99, 0xA3, 0x9F, 0x9D, 0x96, 0xC5, 0xDD, 0x94, 0x9C, 0xA5, 0xC2, 0xD8,
    0xDD, 0xB8, 0xD8, 0xD0, 0x8C, 0x81, 0x88, 0x9D, 0xC2, 0xD8, 0xDD, 0xB8, 0xD1, 0x63, 0x7C, 0x71,
    0x70, 0x7A, 0x73, 0x77, 0x7B, 0x7D, 0x7F, 0x1A, 0x37, 0x22, 0x20, 0x2C, 0x1C, 0x61, 0x05, 0x28,
    0x32, 0x22, 0x20, 0x33, 0x25, 0x61, 0x32, 0x35, 0x20, 0x2D, 0x24, 0x61, 0x33, 0x24, 0x2D, 0x2E,
    0x20, 0x25, 0x61, 0x26, 0x24, 0x2F, 0x7C, 0x64, 0x2D, 0x25, 0x61, 0x69, 0x22, 0x34, 0x33, 0x33,
    0x24, 0x2F, 0x35, 0x7C, 0x64, 0x2D, 0x25, 0x68, 0x61, 0x64, 0x01, 0xDD, 0xF0, 0xE5, 0xE7, 0xEB,
    0xDB, 0xA6, 0xD0, 0xEF, 0xE2, 0xE3, 0xE9, 0xA6, 0xF4, 0xE3, 0xEA, 0xE9, 0xE7, 0xE2, 0xE3, 0xE2,
    0xA6, 0xC9, 0xCD, 0xDD, 0xE1, 0xE3, 0xE8, 0xBB, 0xA3, 0xEA, 0xE2, 0xDB, 0xBC, 0xA6, 0xA3, 0xC6,
    0x4C, 0x61, 0x74, 0x76, 0x7A, 0x4A, 0x37, 0x5E, 0x7A, 0x76, 0x70, 0x72, 0x37, 0x65, 0x72, 0x7B,
    0x78, 0x76, 0x73, 0x72, 0x73, 0x37, 0x58, 0x5C, 0x4C, 0x70, 0x72, 0x79, 0x2A, 0x32, 0x7B, 0x73,
    0x4A, 0x0C, 0x21, 0x34, 0x36, 0x3A, 0x0A, 0x77, 0x11, 0x36, 0x3E, 0x3B, 0x32, 0x33, 0x77, 0x23,
    0x38, 0x77, 0x25, 0x32, 0x3B, 0x38, 0x36, 0x33, 0x77, 0x21, 0x3E, 0x33, 0x32, 0x38, 0x0C, 0x30,
    0x32, 0x39, 0x6A, 0x72, 0x3B, 0x33, 0x0A, 0x6D, 0x77, 0x72, 0x17, 0x7C, 0x51, 0x44, 0x46, 0x4A,
    0x7A, 0x07, 0x61, 0x46, 0x4E, 0x4B, 0x42, 0x43, 0x07, 0x53, 0x48, 0x07, 0x55, 0x42, 0x4B, 0x48,
    0x46, 0x43, 0x07, 0x4E, 0x4A, 0x46, 0x40, 0x42, 0x7C, 0x40, 0x42, 0x49, 0x1A, 0x02, 0x4B, 0x43,
    0x7A, 0x1D, 0x07, 0x02, 0x67, 0x04, 0x5F, 0x46, 0x5B, 0x04, 0x5D, 0x48, 0x4A, 0x46, 0x74, 0x5A,
    0x5E, 0x4E, 0x5E, 0x4E, 0x74, 0x47, 0x44, 0x4C, 0x05, 0x5F, 0x53, 0x5F, 0xE9, 0xC4, 0xD1, 0xD3,
    0xDF, 0xEF, 0x92, 0xFC, 0xE1, 0xE3, 0xC7, 0xD7, 0xC7, 0xD7, 0x92, 0xDB, 0xDC, 0xDB, 0xC6, 0xDB,
    0xD3, 0xDE, 0xDB, 0xC8, 0xD7, 0xD6, 0x92, 0xC5, 0xDB, 0xC6, 0xDA, 0x92, 0xD1, 0xD3, 0xC2, 0xD3,
    0xD1, 0xDB, 0xC6, 0xCB, 0x88, 0x92, 0x97, 0xDE, 0xC7, 0x92, 0x9A, 0xE1, 0xD3, 0xDF, 0xC2, 0xDE,
    0xD7, 0xF0, 0xC7, 0xD4, 0xD4, 0xD7, 0xC0, 0x92, 0xDF, 0xDD, 0xD6, 0xD7, 0x9B, 0x67, 0x4A, 0x5F,
    0x5D, 0x51, 0x61, 0x1C, 0x72, 0x6F, 0x6D, 0x49, 0x59, 0x49, 0x59, 0x1C, 0x58, 0x59, 0x5D, 0x50,
    0x50, 0x53, 0x5F, 0x5D, 0x48, 0x59, 0x58, 0x2A, 0x07, 0x12, 0x10, 0x1C, 0x2C, 0x51, 0x3F, 0x22,
    0x20, 0x04, 0x14, 0x04, 0x14, 0x51, 0x12, 0x1D, 0x14, 0x10, 0x03, 0x14, 0x15, 0x6C, 0x60, 0x62,
    0x21, 0x79, 0x6C, 0x6E, 0x62, 0x21, 0x66, 0x60, 0x7C, 0x21, 0x62, 0x6A, 0x6B, 0x66, 0x6E, 0x21,
    0x7D, 0x6A, 0x63, 0x60, 0x6E, 0x6B, 0x3E, 0x32, 0x30, 0x73, 0x2B, 0x3E, 0x3C, 0x30, 0x73, 0x34,
    0x32, 0x2E, 0x73, 0x31, 0x34, 0x2B, 0x38, 0x73, 0x3E, 0x35, 0x3C, 0x33, 0x3A, 0x38, 0x39, 0xAF,
    0xF6, 0xE1, 0xF2, 0xAF, 0xED, 0xEF, 0xE2, 0xE9, 0xEC, 0xE5, 0xAF, 0xF6, 0xE3, 0xAE, 0xF0, 0xEC,
    0xE9, 0xF3, 0xF4, 0x2B, 0x70, 0x69, 0x74, 0x2B, 0x72, 0x67, 0x65, 0x69, 0x5B, 0x6A, 0x6B, 0x70,
    0x6D, 0x62, 0x7D, 0x5B, 0x68, 0x6B, 0x63, 0x2A, 0x70, 0x7C, 0x70, 0x84, 0x88, 0x8A, 0xC9, 0x91,
    0x84, 0x86, 0x8A, 0xC9, 0x89, 0x88, 0x93, 0x8E, 0x81, 0x9E, 0xDE, 0xF3, 0xE6, 0xE4, 0xE8, 0xD8,
    0xA5, 0xD5, 0xEA, 0xF6, 0xF1, 0xE0, 0xE1, 0xA5, 0xEB, 0xEA, 0xF1, 0xEC, 0xE3, 0xEC, 0xE6, 0xE4,
    0xF1, 0xEC, 0xEA, 0xEB, 0xBF, 0xA5, 0xA0, 0xC5, 0x12, 0x09, 0x0D, 0x03, 0x08, 0xBA, 0xB8, 0xB5,
    0xB5, 0xBB, 0xB8, 0xBA, 0xB2, 0xD2, 0xFF, 0xEA, 0xE8, 0xE4, 0xD4, 0xA9, 0xDB, 0xEC, 0xEE, 0xE0,
    0xFA, 0xFD, 0xEC, 0xFB, 0xEC, 0xED, 0xA9, 0xEF, 0xE6, 0xFB, 0xA9, 0xE7, 0xE6, 0xFD, 0xE0, 0xEF,
    0xE0, 0xEA, 0xE8, 0xFD, 0xE0, 0xE6, 0xE7, 0xB3, 0xA9, 0xAC, 0xC9, 0xA9, 0xA1, 0xFD, 0xE6, 0xE2,
    0xEC, 0xE7, 0xB3, 0xA9, 0xAC, 0xE5, 0xED, 0xA0, 0x62, 0x4F, 0x5A, 0x58, 0x54, 0x64, 0x19, 0x6C,
    0x57, 0x4B, 0x5C, 0x5E, 0x50, 0x4A, 0x4D, 0x5C, 0x4B, 0x5C, 0x5D, 0x19, 0x57, 0x56, 0x4D, 0x50,
    0x5F, 0x50, 0x5A, 0x58, 0x4D, 0x50, 0x56, 0x57, 0x03, 0x19, 0x1C, 0x79, 0x5A, 0x51, 0x5E, 0x5D,
    0x53, 0x5A, 0x5B, 0xF8, 0xA2, 0xA4, 0xA5, 0xF8, 0xBB, 0xBE, 0xB5, 0x5B, 0x27, 0x0D, 0x07, 0x00,
    0x11, 0x19, 0x0E, 0x23, 0x36, 0x34, 0x38, 0x08, 0x0E, 0x39, 0x3C, 0x36, 0x08, 0x75, 0x20, 0x3B,
    0x21, 0x27, 0x20, 0x26, 0x21, 0x30, 0x31, 0x75, 0x26, 0x2C, 0x38, 0x75, 0x26, 0x27, 0x36, 0x9E,
    0xE2, 0xC8, 0xC2, 0xC5, 0xD4, 0xDC, 0x9E, 0xFD, 0xD8, 0xD3, 0xC3, 0xD0, 0xC3, 0xC8, 0x9E, 0xF7,
    0xC3, 0xD0, 0xDC, 0xD4, 0xC6, 0xDE, 0xC3, 0xDA, 0xC2, 0x9E, 0xE2, 0xD4, 0xD2, 0xC4, 0xC3, 0xD8,
    0xC5, 0xC8, 0x9F, 0xD7, 0xC3, 0xD0, 0xDC, 0xD4, 0xC6, 0xDE, 0xC3, 0xDA, 0x9E, 0xE2, 0xD4, 0xD2,
    0xC4, 0xC3, 0xD8, 0xC5, 0xC8, 0x6F, 0x42, 0x57, 0x55, 0x59, 0x69, 0x6F, 0x58, 0x5D, 0x57, 0x69,
    0x14, 0x47, 0x51, 0x57, 0x14, 0x5D, 0x59, 0x53, 0x14, 0x58, 0x5B, 0x55, 0x50, 0x14, 0x52, 0x55,
    0x5D, 0x58, 0x0E, 0x14, 0x11, 0x47, 0x00, 0x1B, 0x02, 0x02, 0x34, 0x0F, 0x12, 0x07, 0x0F, 0x34,
    0x02, 0x06, 0x0A, 0x0C, 0x0E, 0x34, 0x08, 0x04, 0x1E, 0x05, 0x1F, 0x3E, 0x05, 0x18, 0x0D, 0x05,
    0x3E, 0x06, 0x04, 0x15, 0x3E, 0x08, 0x0C, 0x00, 0x06, 0x04, 0x3E, 0x0F, 0x00, 0x0C, 0x04, 0x31,
    0x31, 0x2D, 0x21, 0x3A, 0x33, 0x40, 0x47, 0x44, 0xDD, 0xDC, 0xDF, 0xDE, 0xD9, 0xD8, 0xDB, 0xDA,
    0xD5, 0xD4, 0xAC, 0xAF, 0xAE, 0xA9, 0xA8, 0xAB, 0x01, 0x0B, 0x0F, 0x23, 0x3C, 0x35, 0x0D, 0x22,
    0x3F, 0x3B, 0x29, 0x3E, 0x2F, 0x29, 0x35, 0x03, 0x14, 0x10, 0x0F, 0x05, 0x03, 0x2B, 0x07, 0x12,
    0x05, 0x0E, 0x0F, 0x08, 0x01, 0xCD, 0xCB, 0xD7, 0xE1, 0xF6, 0xF2, 0xED, 0xE7, 0xE1, 0xC3, 0xE1,
    0xF0, 0xC9, 0xE5, 0xF0, 0xE7, 0xEC, 0xED, 0xEA, 0xE3, 0xD7, 0xE1, 0xF6, 0xF2, 0xED, 0xE7, 0xE1,
    0x02, 0x04, 0x19, 0x2E, 0x2C, 0x22, 0x38, 0x3F, 0x39, 0x32, 0x0E, 0x25, 0x3F, 0x39, 0x32, 0x08,
    0x39, 0x2E, 0x2A, 0x3F, 0x2E, 0x08, 0x0D, 0x1B, 0x39, 0x24, 0x3B, 0x2E, 0x39, 0x3F, 0x32, 0x13,
    0x15, 0x15, 0x38, 0x30, 0x3F, 0x39, 0x2E, 0x08, 0x3F, 0x36, 0x3F, 0x3B, 0x29, 0x3F, 0x3D, 0x3B,
    0x24, 0x18, 0x15, 0x00, 0x12, 0x1B, 0x06, 0x19, 0x31, 0x0C, 0x04, 0x11, 0x06, 0x00, 0x30, 0x11,
    0x02, 0x1D, 0x17, 0x11, 0x75, 0x73, 0x6C, 0x50, 0x5D, 0x48, 0x5A, 0x53, 0x4E, 0x51, 0x6F, 0x59,
    0x4E, 0x55, 0x5D, 0x50, 0x72, 0x49, 0x51, 0x5E, 0x59, 0x4E, 0x16, 0x17, 0x04, 0x1B, 0x11, 0x17,
    0x27, 0x27, 0x3B, 0x36, 0xAB, 0x8C, 0xBE, 0x86, 0xB1, 0x8A, 0x8D, 0x95, 0x91, 0x81, 0xA0, 0x81,
    0x92, 0x8D, 0x87, 0x81, 0xAD, 0xA0, 0xCB, 0xE4, 0xCB, 0x39, 0x0F, 0x18, 0x03, 0x0B, 0x06, 0x24,
    0x1F, 0x07, 0x08, 0x0F, 0x18, 0x17, 0x3B, 0x17, 0x2C, 0x01, 0x14, 0x16, 0x1A, 0x2A, 0x2C, 0x1B,
    0x1E, 0x14, 0x2A, 0x57, 0x13, 0x12, 0x01, 0x1E, 0x14, 0x12, 0x57, 0x14, 0x18, 0x13, 0x12, 0x57,
    0x52, 0x37, 0x57, 0x5F, 0x1A, 0x10, 0x4A, 0x52, 0x13, 0x57, 0x1E, 0x18, 0x4A, 0x52, 0x13, 0x5E,
    0xF1, 0xF1, 0xFA, 0xDF, 0xD3, 0xD1, 0xAA, 0xAD, 0xB7, 0xB0, 0xC9, 0xCC, 0xD4, 0xFE, 0xFC, 0xFD,
    0xE7, 0xFB, 0x4D, 0x44, 0x59, 0x4E, 0x5D, 0x4E, 0x59, 0xA6, 0xA4, 0xB3, 0xAE, 0xB1, 0xA6, 0xB3,
    0xA2, 0xA3, 0x98, 0xA6, 0xB3, 0x00, 0x05, 0x0F, 0x2E, 0x00, 0x03, 0x0E, 0xB1, 0xB3, 0xA4, 0xB9,
    0xA6, 0xB1, 0xA4, 0xB5, 0xB4, 0x97, 0x8B, 0x86, 0x89, 0x4A, 0x4D, 0x7E, 0x5B, 0x4C, 0xE2, 0x8E,
    0xDC, 0xDA, 0xDF, 0xDB, 0xD8, 0x81, 0x8C, 0x8B, 0xDA, 0x88, 0x89, 0x89, 0xD8, 0xDB, 0x8D, 0x8B,
    0x8B, 0x81, 0xD8, 0xDA, 0x88, 0x8D, 0xDF, 0x89, 0x8F, 0x8B, 0xDF, 0x8E, 0x8A, 0x8E, 0xDA, 0x7B,
    0x56, 0x43, 0x41, 0x4D, 0x7D, 0x7B, 0x4C, 0x49, 0x43, 0x7D, 0x00, 0x74, 0x00, 0x44, 0x49, 0x41,
    0x47, 0x00, 0x4D, 0x1D, 0x05, 0x10, 0x18, 0x58, 0x00, 0x43, 0x1D, 0x05, 0x10, 0x18, 0x58, 0x00,
    0x4F, 0x4B, 0x1D, 0x05, 0x44, 0x95, 0xCC, 0xDB, 0xC8, 0x95, 0xD7, 0xD5, 0xD8, 0xD3, 0xD6, 0xDF,
    0x95, 0xF7, 0xDF, 0xDE, 0xD3, 0xDB, 0x95, 0xFE, 0xF9, 0xF3, 0xF7, 0x95, 0x94, 0xCC, 0xD9, 0xDB,
    0xD7, 0xCA, 0xD3, 0xD9, 0xD1, 0x76, 0x7A, 0x78, 0x3B, 0x63, 0x76, 0x74, 0x78, 0x3B, 0x7C, 0x7A,
    0x66, 0x3B, 0x65, 0x3B, 0x66, 0x30, 0x71, 0xD4, 0xD8, 0xDA, 0x99, 0xC1, 0xD4, 0xD6, 0xDA, 0x99,
    0xDE, 0xD8, 0xC4, 0x99, 0xC7, 0x99, 0xD4, 0xD1, 0xD0, 0x86, 0x08, 0x04, 0x06, 0x45, 0x1D, 0x08,
    0x0A, 0x06, 0x45, 0x02, 0x04, 0x18, 0x45, 0x1B, 0x45, 0x08, 0x0D, 0x0C, 0x5B, 0x22, 0x0F, 0x1A,
    0x18, 0x14, 0x24, 0x22, 0x15, 0x10, 0x1E, 0x11, 0x0D, 0x24, 0x59, 0x09, 0x10, 0x1A, 0x12, 0x59,
    0x0B, 0x1C, 0x15, 0x18, 0x00, 0x59, 0x18, 0x0B, 0x14, 0x1C, 0x1D, 0x59, 0x51, 0x4E, 0x59, 0x0A,
    0x15, 0x16, 0x0D, 0x0A, 0x55, 0x59, 0x3D, 0x18, 0x0B, 0x0E, 0x10, 0x17, 0x59, 0x17, 0x16, 0x0D,
    0x10, 0x1F, 0x00, 0x50, 0xE6, 0xFA, 0xF0, 0xC1, 0xD6, 0xD2, 0xC7, 0xD6, 0xE0, 0xD0, 0xC1, 0xD6,
    0xD6, 0xDD, 0xFA, 0xDE, 0xD2, 0xD4, 0xD6, 0xF8, 0xF4, 0xF6, 0xB5, 0xED, 0xF8, 0xFA, 0xF6, 0xB5,
    0xE8, 0xFA, 0xF6, 0xEB, 0xBB, 0xAE, 0xAC, 0xA0, 0xBD, 0xA4, 0xAE, 0xA6, 0x92, 0xA9, 0xA4, 0xAC,
    0xAA, 0xE3, 0xB9, 0xB5, 0xB9, 0x41, 0x3F, 0x5A, 0x47, 0x3A, 0x79, 0x7C, 0x7D, 0x27, 0x3F, 0x7E,
    0x3A, 0x69, 0x7B, 0x77, 0x6A, 0x27, 0x3F, 0x7E, 0x3A, 0x77, 0x77, 0x7B, 0x6A, 0x27, 0x3F, 0x7E,
    0x3A, 0x76, 0x7B, 0x69, 0x6E, 0x49, 0x76, 0x75, 0x6E, 0x27, 0x3F, 0x7E, 0x3A, 0x6A, 0x62, 0x27,
    0x3F, 0x34, 0x2A, 0x7C, 0x3A, 0x6A, 0x63, 0x27, 0x3F, 0x34, 0x2A, 0x7C, 0x3A, 0x6A, 0x73, 0x7E,
    0x27, 0x3F, 0x7E, 0x10, 0xB3, 0x9E, 0x8B, 0x89, 0x85, 0xB5, 0xB3, 0x84, 0x81, 0x8F, 0x80, 0x9C,
    0xB5, 0xC8, 0x89, 0x98, 0x98, 0xC8, 0x9B, 0x89, 0x85, 0x98, 0x84, 0x8D, 0x9A, 0xC8, 0x9B, 0x9C,
    0x89, 0x9A, 0x9C, 0x8D, 0x8C, 0xC8, 0xC0, 0xAC, 0x89, 0x9A, 0x9F, 0x81, 0x86, 0xC8, 0x8B, 0x8E,
    0x8F, 0xC8, 0xC3, 0xC8, 0xBD, 0xA1, 0xAB, 0xBB, 0xA1, 0xC8, 0xC3, 0xC8, 0x9B, 0x84, 0x87, 0x9C,
    0xC8, 0x8A, 0x9D, 0x9B, 0xC1, 0x1A, 0x41, 0x58, 0x45, 0x1A, 0x43, 0x56, 0x54, 0x58, 0x6A, 0x57,
    0x54, 0x59, 0x59, 0x6A, 0x59, 0x5A, 0x52, 0x1B, 0x41, 0x4D, 0x41, 0xE1, 0x84, 0xE9, 0xE1, 0x84,
    0xE9, 0xE1, 0x84, 0xE9, 0xE1, 0x84, 0x3B, 0x3D, 0x21, 0x07, 0x00, 0x14, 0x13, 0x11, 0x17, 0x3E,
    0x1D, 0x11, 0x19, 0x94, 0x92, 0x8E, 0xA8, 0xAF, 0xBB, 0xBC, 0xBE, 0xB8, 0x88, 0xB3, 0xB1, 0xB2,
    0xBE, 0xB6, 0xFB, 0xFD, 0xE1, 0xC7, 0xC0, 0xD4, 0xD3, 0xD1, 0xD7, 0xF5, 0xD7, 0xC6, 0xF0, 0xD3,
    0xC1, 0xD7, 0xF3, 0xD6, 0xD6, 0xC0, 0xD7, 0xC1, 0xC1, 0xE8, 0xEE, 0xF2, 0xD4, 0xD3, 0xC7, 0xC0,
    0xC2, 0xC4, 0xE6, 0xC4, 0xD5, 0xF6, 0xC8, 0xC5, 0xD5, 0xC9, 0x79, 0x7F, 0x63, 0x45, 0x42, 0x56,
    0x51, 0x53, 0x55, 0x77, 0x55, 0x44, 0x78, 0x55, 0x59, 0x57, 0x58, 0x44, 0xC1, 0xC7, 0xDB, 0xFD,
    0xFA, 0xEE, 0xE9, 0xEB, 0xED, 0xCF, 0xED, 0xFC, 0xCA, 0xF1, 0xFC, 0xED, 0xFB, 0xD8, 0xED, 0xFA,
    0xDA, 0xE7, 0xFF, 0xDC, 0xDA, 0xC6, 0xE0, 0xE7, 0xF3, 0xF4, 0xF6, 0xF0, 0xD2, 0xF0, 0xE1, 0xC5,
    0xFC, 0xED, 0xF0, 0xF9, 0xD3, 0xFA, 0xE7, 0xF8, 0xF4, 0xE1, 0xE8, 0xC5, 0xD0, 0xD2, 0xDE, 0xEE,
    0xE8, 0xDF, 0xDA, 0xD4, 0xDB, 0xC7, 0xEE, 0x93, 0xFA, 0xFC, 0xE0, 0xC6, 0xC1, 0xD5, 0xD2, 0xD0,
    0xD6, 0x93, 0xF2, 0xE3, 0xFA, 0x93, 0xD7, 0xDF, 0xC0, 0xCA, 0xDE, 0x93, 0xDA, 0xDD, 0xD0, 0xDC,
    0xDE, 0xC3, 0xDF, 0xD6, 0xC7, 0xD6, 0x9F, 0x93, 0xF0, 0xF2, 0xE1, 0xE0, 0x93, 0xC3, 0xD2, 0xC7,
    0xDB, 0x93, 0xD7, 0xDA, 0xC0, 0xD2, 0xD1, 0xDF, 0xD6, 0xD7, 0xA7, 0xFA, 0xE2, 0xAA, 0xF6, 0xF2,
    0x53, 0x28, 0x26, 0xFB, 0xA9, 0x96, 0x28, 0x5C, 0x53, 0x31, 0x62, 0x7D, 0x57, 0x6F, 0x62, 0x62,
    0x79, 0x7E, 0x79, 0x7F, 0x6C, 0x7D, 0x52, 0x61, 0x62, 0x62, 0x66, 0x52, 0x78, 0x7D, 0x38, 0x34,
    0x36, 0x75, 0x3A, 0x2B, 0x2B, 0x37, 0x3E, 0x75, 0x18, 0x1A, 0x09, 0x3E, 0x35, 0x3F, 0x3E, 0x29,
    0x08, 0x3E, 0x29, 0x2D, 0x3E, 0x29, 0xDC, 0xCD, 0xDC, 0xDC, 0xFF, 0xFD, 0xE6, 0xE1, 0xE8, 0xCD,
    0xE0, 0xEE, 0xFD, 0xEB, 0xDC, 0xEA, 0xFD, 0xF9, 0xEA, 0xFD, 0xDF, 0xE0, 0xFD, 0xFB, 0xDF, 0xDD,
    0xCE, 0xF9, 0xF2, 0xF8, 0xF9, 0xEE, 0xCF, 0xF9, 0xEE, 0xEA, 0xF9, 0xEE, 0xDF, 0xFD, 0xEC, 0xE8,
    0xE9, 0xEE, 0xF9, 0xD8, 0xF5, 0xEF, 0xEC, 0xF0, 0xFD, 0xE5, 0xB8, 0x95, 0x80, 0x82, 0x8E, 0xBE,
    0xB8, 0x8F, 0x8A, 0x84, 0x8B, 0x97, 0xBE, 0xC3, 0xA0, 0xA2, 0xB1, 0x86, 0x8D, 0x87, 0x86, 0x91,
    0xB0, 0x86, 0x91, 0x95, 0x86, 0x91, 0xA0, 0x82, 0x93, 0x97, 0x96, 0x91, 0x86, 0xA7, 0x8A, 0x90,
    0x93, 0x8F, 0x82, 0x9A, 0xC3, 0x87, 0x8F, 0x90, 0x9A, 0x8E, 0xC3, 0xAD, 0xB6, 0xAF, 0xAF, 0x68,
    0x45, 0x50, 0x52, 0x5E, 0x6E, 0x68, 0x5F, 0x5A, 0x54, 0x5B, 0x47, 0x6E, 0x13, 0x66, 0x7A, 0x70,
    0x41, 0x56, 0x52, 0x47, 0x56, 0x60, 0x50, 0x41, 0x56, 0x56, 0x5D, 0x7A, 0x5E, 0x52, 0x54, 0x56,
    0x13, 0x57, 0x5F, 0x40, 0x4A, 0x5E, 0x13, 0x0E, 0x13, 0x16, 0x73, 0xD8, 0xDC, 0x55, 0x4E, 0x57,
    0x57, 0x7B, 0x56, 0x43, 0x41, 0x4D, 0x7D, 0x7B, 0x4C, 0x49, 0x47, 0x48, 0x54, 0x7D, 0x00, 0x53,
    0x54, 0x52, 0x41, 0x54, 0x45, 0x47, 0x59, 0x00, 0x05, 0x44, 0x00, 0x43, 0x41, 0x50, 0x54, 0x55,
    0x52, 0x45, 0x00, 0x46, 0x41, 0x49, 0x4C, 0x53, 0x00, 0x08, 0x4E, 0x4F, 0x4E, 0x0D, 0x42, 0x4C,
    0x4F, 0x43, 0x4B, 0x49, 0x4E, 0x47, 0x09, 0x0C, 0x00, 0x44, 0x45, 0x41, 0x44, 0x44, 0x69, 0x7C,
    0x7E, 0x72, 0x42, 0x44, 0x73, 0x76, 0x78, 0x77, 0x6B, 0x42, 0x3F, 0x7C, 0x7E, 0x6F, 0x6B, 0x6A,
    0x6D, 0x7A, 0x3F, 0x6B, 0x77, 0x6D, 0x7A, 0x7E, 0x7B, 0x3F, 0x37, 0x6C, 0x6B, 0x6D, 0x7E, 0x6B,
    0x7A, 0x78, 0x66, 0x3F, 0x3A, 0x7B, 0x36, 0x3F, 0x7A, 0x67, 0x76, 0x6B, 0x7A, 0x7B, 0x9D, 0xB0,
    0xA5, 0xA7, 0xAB, 0x9B, 0xE6, 0x80, 0xAA, 0xA9, 0xA7, 0xB2, 0xAF, 0xA8, 0xA1, 0xE6, 0xB1, 0xAF,
    0xA8, 0xA2, 0xA9, 0xB1, 0xE6, 0xA5, 0xB4, 0xA3, 0xA7, 0xB2, 0xA3, 0xA2, 0xE6, 0xEE, 0xB2, 0xA7,
    0xA4, 0xB5, 0xE6, 0x93, 0x8F, 0xEA, 0xE6, 0xA1, 0xB4, 0xA7, 0xBF, 0xE6, 0xB2, 0xAE, 0xA3, 0xAB,
    0xA3, 0xEF, 0xB0, 0xA1, 0xA1, 0x95, 0xB8, 0xB5, 0x93, 0xB4, 0xB2, 0xBE, 0xBC, 0xB4, 0x90, 0xB2,
    0xA5, 0xB8, 0xA7, 0xB4, 0xEB, 0x3B, 0x2A, 0x2A, 0x1E, 0x33, 0x3E, 0x1F, 0x34, 0x2E, 0x3F, 0x28,
    0x18, 0x3B, 0x39, 0x31, 0x3D, 0x28, 0x35, 0x2F, 0x34, 0x3E, 0x60, 0x84, 0xA9, 0xBC, 0xBE, 0xB2,
    0x82, 0xFF, 0xB0, 0xA9, 0xBA, 0xAD, 0xB3, 0xBE, 0xA6, 0xFF, 0xA8, 0xB6, 0xB1, 0xBB, 0xB0, 0xA8,
    0xFF, 0xBE, 0xAB, 0xAB, 0xBE, 0xBC, 0xB7, 0xBA, 0xBB, 0xFF, 0xAB, 0xB0, 0xFF, 0xAC, 0xBC, 0xBA,
    0xB1, 0xBA, 0xE5, 0xFF, 0xFA, 0x9F, 0xC7, 0xEA, 0xFF, 0xFD, 0xF1, 0xC1, 0xBC, 0xF3, 0xEA, 0xF9,
    0xEE, 0xF0, 0xFD, 0xE5, 0xBC, 0xEB, 0xF5, 0xF2, 0xF8, 0xF3, 0xEB, 0xA6, 0xBC, 0xF2, 0xF3, 0xBC,
    0xEF, 0xFF, 0xF9, 0xF2, 0xF9, 0xBC, 0xFA, 0xF3, 0xE9, 0xF2, 0xF8, 0xB0, 0xBC, 0xFA, 0xFD, 0xF0,
    0xF0, 0xFE, 0xFD, 0xFF, 0xF7, 0xBC, 0xF5, 0xF2, 0xF5, 0xE8, 0xCB, 0xF5, 0xE8, 0xF4, 0xDA, 0xEE,
    0xFD, 0xF1, 0xF9, 0xE3, 0xE0, 0xED, 0xED, 0xD5, 0xE0, 0xF1, 0xF1, 0xE4, 0xE5, 0xBB, 0xEE, 0xED,
    0xE0, 0xE0, 0xC8, 0xFE, 0xED, 0xEB, 0xEB, 0xE9, 0xE8, 0xB6, 0x61, 0x76, 0x77, 0x77, 0x6C, 0x6D,
    0x57, 0x6C, 0x76, 0x60, 0x6B, 0x47, 0x6C, 0x74, 0x6D, 0x39, 0xDC, 0xCB, 0xCA, 0xCA, 0xD1, 0xD0,
    0xEA, 0xD1, 0xCB, 0xDD, 0xD6, 0xEB, 0xCE, 0x84, 0xE9, 0x81, 0xA8, 0xEA, 0x87, 0xB9, 0x89, 0x85,
    0x84, 0x9E, 0x98, 0x85, 0x86, 0xBE, 0x8B, 0x88, 0xBE, 0x8B, 0x9A, 0x9A, 0x8F, 0x8E, 0xCC, 0xA3,
    0xB9, 0xCF, 0xAF, 0xA3, 0x23, 0x26, 0x28, 0x27, 0x3B, 0x1B, 0x2E, 0x2D, 0x1B, 0x2E, 0x3F, 0x3F,
    0x2A, 0x2B, 0x25, 0x63, 0x73, 0x2A, 0x70, 0x63, 0xBF, 0xA9, 0xB8, 0xB8, 0xA5, 0xA2, 0xAB, 0xBF,
    0x98, 0xAD, 0xAE, 0x98, 0xAD, 0xBC, 0xBC, 0xA9, 0xA8, 0x16, 0x01, 0x17, 0x10, 0x05, 0x16, 0x10,
    0x32, 0x0D, 0x00, 0x01, 0x0B, 0x30, 0x05, 0x14, 0x14, 0x01, 0x00, 0x66, 0x75, 0x75, 0x68, 0x70,
    0x29, 0x72, 0x77, 0x04, 0x15, 0x1A, 0x21, 0x04, 0x20, 0x15, 0x04, 0x04, 0x11, 0x10, 0x59, 0x4E,
    0x58, 0x4E, 0x5F, 0x7F, 0x59, 0x4A, 0x45, 0x58, 0x4D, 0x44, 0x59, 0x46, 0x7F, 0x4A, 0x5B, 0x5B,
    0x4E, 0x4F, 0x72, 0x87, 0x98, 0x9B, 0x80, 0xC5, 0xA0, 0x95, 0x84, 0x84, 0x91, 0x90, 0xAF, 0xBC,
    0xBC, 0xA1, 0xB9, 0xE0, 0xA2, 0xAB, 0xA8, 0xBA, 0x99, 0x88, 0x87, 0xA5, 0x8C, 0x8F, 0x9D, 0xBD,
    0x88, 0x99, 0x99, 0x8C, 0x8D, 0x66, 0x75, 0x75, 0x68, 0x70, 0x29, 0x63, 0x68, 0x70, 0x69, 0x84,
    0x95, 0x9A, 0xB0, 0x9B, 0x83, 0x9A, 0xA0, 0x95, 0x84, 0x84, 0x91, 0x90, 0x39, 0x2A, 0x2A, 0x37,
    0x2F, 0x76, 0x2A, 0x31, 0x3F, 0x30, 0x2C, 0x37, 0x26, 0x29, 0x15, 0x2E, 0x20, 0x2F, 0x33, 0x13,
    0x26, 0x37, 0x37, 0x22, 0x23, 0xA3, 0xF8, 0xE7, 0xE4, 0xFF, 0xB9, 0xDF, 0xEA, 0xFB, 0xFB, 0xEE,
    0xEF, 0xDB, 0xDF, 0xD8, 0xC3, 0xC5, 0x2D, 0x38, 0x38, 0x3A, 0x18, 0x22, 0x23, 0x03, 0x36, 0x27,
    0x27, 0x32, 0x33, 0xEB, 0xF7, 0xFA, 0xE2, 0xB5, 0xFD, 0xF2, 0xF7, 0xF7, 0x8A, 0x96, 0x9B, 0x83,
    0xAA, 0x9B, 0x8F, 0x89, 0x9F, 0xAE, 0x9B, 0x8A, 0x8A, 0x9F, 0x9E, 0x93, 0x8F, 0x96, 0x90, 0x2B,
    0x3E, 0x3E, 0x3C, 0x18, 0x3F, 0x05, 0x30, 0x21, 0x21, 0x34, 0x35, 0x10, 0x81, 0x9E, 0x9D, 0x86,
    0xC1, 0xA6, 0x93, 0x82, 0x82, 0x97, 0x96, 0x82, 0x9F, 0x84, 0x91, 0x84, 0x95, 0xA2, 0x99, 0x97,
    0x98, 0x84, 0xA4, 0x91, 0x80, 0x80, 0x95, 0x94, 0xBE, 0xBA, 0xA1, 0xA1, 0xBC, 0xA1, 0x87, 0xB2,
    0xA3, 0xA3, 0xB6, 0xB7, 0x2C, 0x37, 0x3F, 0x3F, 0x34, 0x3D, 0x0A, 0x3D, 0x28, 0x34, 0x39, 0x3B,
    0x3D, 0x35, 0x3D, 0x36, 0x2C, 0x0C, 0x39, 0x28, 0x28, 0x3D, 0x3C, 0x50, 0xEE, 0xF1, 0xF2, 0xE9,
    0xA9, 0xC9, 0xFC, 0xED, 0xED, 0xF8, 0xF9, 0x11, 0x64, 0x8E, 0x9F, 0x90, 0xB8, 0x92, 0x97, 0x8E,
    0xAA, 0x91, 0x99, 0x99, 0x92, 0x9B, 0x9A, 0xC4, 0xA9, 0xFD, 0xC3, 0xA9, 0xF5, 0xD9, 0xA9, 0xC3,
    0xDA, 0xA4, 0xC5, 0xFE, 0x76, 0x6C, 0xA9, 0xF0, 0xCC, 0x09, 0x10, 0x1A, 0x12, 0x3A, 0x16, 0x15,
    0x16, 0x0B, 0x2D, 0x18, 0x09, 0x09, 0x1C, 0x1D, 0x3E, 0x75, 0x4B, 0x3F, 0x5E, 0x65, 0xED, 0xF7,
    0x31, 0x4B, 0x7D, 0x31, 0x74, 0x57, 0x31, 0x62, 0x5C, 0x2B, 0x44, 0x5E, 0x28, 0x48, 0x44, 0x28,
    0x71, 0x77, 0x28, 0x77, 0x6B, 0x01, 0x6E, 0x74, 0x02, 0x62, 0x6E, 0x00, 0x7C, 0x53, 0x02, 0x59,
    0x63, 0x91, 0xDF, 0xDD, 0x92, 0xEA, 0xE7, 0x91, 0xD7, 0xF0, 0xD3, 0x8E, 0x81, 0xD1, 0xA9, 0xA4,
    0xD2, 0x94, 0xB3, 0x26, 0x70, 0x77, 0x29, 0x72, 0x56, 0x29, 0x70, 0x73, 0x2B, 0x42, 0x58, 0x94,
    0x91, 0x9F, 0x90, 0x8C, 0xB1, 0x96, 0x8C, 0x9D, 0x96, 0x8B, 0x91, 0x8C, 0x81, 0xBB, 0x90, 0x99,
    0x96, 0x9F, 0x9D, 0x9C, 0xC2, 0x60, 0x65, 0x6B, 0x64, 0x78, 0x48, 0x65, 0x6D, 0x61, 0x69, 0x78,
    0x69, 0x7E, 0x4F, 0x64, 0x6D, 0x62, 0x6B, 0x69, 0x68, 0x36, 0x62, 0x67, 0x69, 0x66, 0x7A, 0x56,
    0x4D, 0x66, 0x6F, 0x60, 0x69, 0x6B, 0x6A, 0x34, 0xF0, 0xF5, 0xFB, 0xF4, 0xE8, 0xC5, 0xDF, 0xF4,
    0xFD, 0xF2, 0xFB, 0xF9, 0xF8, 0xA6, 0xE9, 0xEC, 0xE2, 0xED, 0xF1, 0xC3, 0xE0, 0xE4, 0xF1, 0xED,
    0xE0, 0xF7, 0xC6, 0xED, 0xE4, 0xEB, 0xE2, 0xE0, 0xE1, 0xBF, 0x98, 0xD9, 0x98, 0x98, 0xF9, 0x90,
    0x99, 0xF6, 0x9B, 0xB9, 0xF8, 0xB7, 0x96, 0xF9, 0xB2, 0x81, 0xD8, 0xCE, 0xC7, 0xCE, 0xC8, 0xDF,
    0xFD, 0xC2, 0xCF, 0xCE, 0xC4, 0xFF, 0xCA, 0xDB, 0xDB, 0xCE, 0xCF, 0x11, 0x5A, 0x7C, 0x10, 0x56,
    0x46, 0x10, 0x5F, 0x7E, 0x11, 0x5A, 0x69, 0xCA, 0xA7, 0xA5, 0xB2, 0xA4, 0xB2, 0xA3, 0xE5, 0x83,
    0xB6, 0xA7, 0xA7, 0xB2, 0xB3, 0x20, 0x6B, 0x4D, 0x21, 0x67, 0x77, 0x21, 0x6E, 0x4F, 0x20, 0x6B,
    0x58, 0xFA, 0xB7, 0xB5, 0xA2, 0xB4, 0xA2, 0xB3, 0xF4, 0x93, 0xA6, 0xB7, 0xB7, 0xA2, 0xA3, 0x57,
    0x1C, 0x3A, 0x56, 0x10, 0x00, 0x56, 0x19, 0x38, 0x57, 0x1C, 0x2F, 0x8A, 0xE1, 0xE3, 0xF4, 0xE2,
    0xF4, 0xE5, 0xA5, 0xC5, 0xF0, 0xE1, 0xE1, 0xF4, 0xF5, 0x80, 0xCA, 0xE3, 0x8C, 0xF7, 0xC0, 0x8C,
    0xCF, 0xE9, 0x8D, 0xCA, 0xE4, 0x5B, 0x5E, 0x54, 0x52, 0x59, 0x44, 0x52, 0x72, 0x59, 0x43, 0x45,
    0x4E, 0x63, 0x56, 0x47, 0x47, 0x52, 0x53, 0xA7, 0xED, 0xC4, 0xAB, 0xD0, 0xE7, 0xA4, 0xFD, 0xC2,
    0xA4, 0xF6, 0xF9, 0x47, 0x3D, 0x0D, 0x47, 0x3D, 0x1B, 0x49, 0x0F, 0x1F, 0x44, 0x05, 0x26, 0x46,
    0x01, 0x20, 0x4F, 0x4A, 0x40, 0x46, 0x4D, 0x50, 0x46, 0x60, 0x4C, 0x53, 0x5A, 0x77, 0x42, 0x53,
    0x53, 0x46, 0x47, 0xFF, 0x9A, 0xA1, 0xFD, 0x9F, 0xA3, 0xFC, 0xA0, 0x92, 0xFE, 0x8E, 0xA1, 0xF0,
    0xB6, 0xA6, 0xFD, 0xBC, 0x9F, 0xFF, 0xB8, 0x99, 0xFD, 0xBC, 0x95, 0xFD, 0x90, 0xAE, 0x7D, 0x2B,
    0x06, 0x70, 0x10, 0x30, 0x70, 0x3A, 0x13, 0x7C, 0x07, 0x30, 0xE0, 0xB5, 0x9F, 0xEF, 0xB3, 0xB3,
    0xE2, 0xA8, 0x81, 0xEE, 0x95, 0xA2, 0xE8, 0xBB, 0x8F, 0xE0, 0xBD, 0xA1, 0x36, 0x3E, 0x37, 0xE3,
    0xBA, 0x8A, 0xE8, 0xBB, 0x8B, 0xE2, 0x8B, 0xBD, 0xE2, 0x8F, 0x81, 0xE2, 0xA3, 0xA0, 0xE2, 0xB7,
    0x88, 0xE2, 0x81, 0x9E, 0xE8, 0xBB, 0x8E, 0xC3, 0x96, 0xBC, 0xCC, 0x90, 0x90, 0x4B, 0x4E, 0x44,
    0x42, 0x49, 0x54, 0x42, 0x77, 0x46, 0x54, 0x53, 0x42, 0x73, 0x46, 0x57, 0x57, 0x42, 0x43, 0xD3,
    0x8A, 0xB5, 0xD3, 0x81, 0x8E, 0xCA, 0xCF, 0xC5, 0xC3, 0xC8, 0xD5, 0xC3, 0xE7, 0xC5, 0xD2, 0xCF,
    0xD0, 0xC7, 0xD2, 0xC3, 0xF2, 0xC7, 0xD6, 0xD6, 0xC3, 0xC2, 0x27, 0x6D, 0x44, 0x2B, 0x50, 0x67,
    0x25, 0x79, 0x53, 0x27, 0x6C, 0x58, 0x24, 0x5E, 0x6E, 0x24, 0x5E, 0x78, 0xE2, 0x00, 0x75, 0xE2,
    0x24, 0x7D, 0x42, 0x24, 0x76, 0x79, 0x27, 0x52, 0x4C, 0x24, 0x72, 0x7A, 0x26, 0x7B, 0x47, 0x24,
    0x5E, 0x4B, 0x24, 0x57, 0x4A, 0x7B, 0x2F, 0x11, 0x7B, 0x27, 0x0B, 0x7B, 0x11, 0x08, 0x76, 0x17,
    0x2C, 0xA4, 0xBE, 0x7B, 0x1B, 0x2D, 0xF9, 0xD4, 0xC1, 0xC3, 0xCF, 0xFF, 0xF9, 0xCE, 0xCB, 0xC5,
    0xCA, 0xD6, 0xFF, 0x82, 0xD2, 0xCB, 0xC1, 0xC9, 0xD7, 0xD2, 0x82, 0xD1, 0xD6, 0xC3, 0xD6, 0xC7,
    0x82, 0xD0, 0xC7, 0xD1, 0xD6, 0xCD, 0xD0, 0xC7, 0xC6, 0x82, 0xC4, 0xD0, 0xCD, 0xCF, 0x82, 0xD2,
    0xCE, 0xCB, 0xD1, 0xD6, 0x99, 0xB4, 0xA1, 0xA3, 0xAF, 0x9F, 0x99, 0xB6, 0xA3, 0xA0, 0x9F, 0xE2,
    0xA1, 0xAD, 0xAC, 0xB6, 0xB0, 0xAD, 0xAE, 0x34, 0x19, 0x0C, 0x0E, 0x02, 0x32, 0x34, 0x1B, 0x0E,
    0x0D, 0x32, 0x4F, 0x03, 0x06, 0x08, 0x07, 0x1B, 0xF4, 0x9B, 0xB6, 0xF9, 0xB2, 0x86, 0xF8, 0xA5,
    0x95, 0x4B, 0x66, 0x73, 0x71, 0x7D, 0x4D, 0x4B, 0x7C, 0x79, 0x77, 0x78, 0x64, 0x4D, 0x30, 0x63,
    0x73, 0x62, 0x75, 0x75, 0x7E, 0x30, 0x73, 0x7F, 0x7C, 0x7F, 0x62, 0x30, 0x60, 0x79, 0x73, 0x7B,
    0x65, 0x60, 0x30, 0x5F, 0x5E, 0x30, 0x38, 0x64, 0x79, 0x64, 0x7C, 0x75, 0x30, 0x63, 0x78, 0x7F,
    0x67, 0x63, 0x30, 0x7F, 0x76, 0x76, 0x39, 0xEA, 0xC7, 0xD2, 0xD0, 0xDC, 0xEC, 0xEA, 0xDD, 0xD8,
    0xD6, 0xD9, 0xC5, 0xEC, 0x91, 0xC2, 0xD2, 0xC3, 0xD4, 0xD4, 0xDF, 0x91, 0xD2, 0xDE, 0xDD, 0xDE,
    0xC3, 0x91, 0xC1, 0xD8, 0xD2, 0xDA, 0xC4, 0xC1, 0x91, 0xFE, 0xF7, 0xF7, 0x91, 0x99, 0xC5, 0xD8,
    0xC5, 0xDD, 0xD4, 0x91, 0xC2, 0xD9, 0xDE, 0xC6, 0xC2, 0x91, 0xDE, 0xDF, 0x98, 0xE4, 0xE1, 0xEF,
    0xE0, 0xFC, 0xD8, 0xE1, 0xEB, 0xE3, 0xD0, 0x1C, 0x19, 0x17, 0x18, 0x04, 0x20, 0x19, 0x13, 0x1B,
    0x29, 0x7D, 0x64, 0x6E, 0x66, 0x49, 0x62, 0x79, 0x49, 0x7F, 0x6C, 0x6A, 0x6A, 0x68, 0x69, 0x37,
    0x9C, 0xB1, 0xA4, 0xA6, 0xAA, 0x9A, 0x9C, 0xAB, 0xAE, 0xA0, 0xAF, 0xB3, 0x9A, 0xE7, 0xB7, 0xAE,
    0xA4, 0xAC, 0xE7, 0xA3, 0xA8, 0xB3, 0xE7, 0xBD, 0xFA, 0xE2, 0xAB, 0xB2, 0xE8, 0xE2, 0xAB, 0xB2,
    0xE7, 0xEF, 0xA5, 0xA2, 0xAB, 0xA8, 0xB0, 0xE7, 0xB7, 0xA6, 0xA9, 0xA2, 0xAB, 0xEB, 0xE7, 0xA5,
    0xA6, 0xAB, 0xAB, 0xE7, 0xA8, 0xA9, 0xE7, 0xB3, 0xA8, 0xB7, 0xEE, 0x3E, 0x13, 0x06, 0x04, 0x08,
    0x38, 0x3E, 0x09, 0x0C, 0x02, 0x0D, 0x11, 0x38, 0x45, 0x15, 0x0C, 0x06, 0x0E, 0x45, 0x01, 0x0A,
    0x11, 0x45, 0x08, 0x0A, 0x13, 0x00, 0x01, 0x45, 0x11, 0x0A, 0x45, 0x4D, 0x40, 0x4B, 0x55, 0x03,
    0x49, 0x40, 0x4B, 0x55, 0x03, 0x4C, 0xD5, 0xC4, 0xD3, 0xD3, 0xD8, 0xC5, 0xDE, 0xD9, 0xC2, 0x3D,
    0x2C, 0x28, 0x29, 0x2E, 0x39, 0x91, 0xBC, 0xA9, 0xAB, 0xA7, 0x97, 0x91, 0xA6, 0xA3, 0xAD, 0xA2,
    0xBE, 0x97, 0xEA, 0xA9, 0xA6, 0xAB, 0xB9, 0xB9, 0xEA, 0xB8, 0xAF, 0xA9, 0xA5, 0xA4, 0xF0, 0xEA,
    0xEF, 0x8A, 0xFD, 0xD0, 0xC5, 0xC7, 0xCB, 0xFB, 0xFD, 0xCA, 0xCF, 0xC1, 0xCE, 0xD2, 0xFB, 0x86,
    0xE5, 0xE7, 0xF4, 0xF5, 0x86, 0xC2, 0xCF, 0xD5, 0xC7, 0xC4, 0xCA, 0xC3, 0xC2, 0x86, 0x8E, 0xC2,
    0xC3, 0xD0, 0xCF, 0xC5, 0xC3, 0x8B, 0xCF, 0xC8, 0xC5, 0xC9, 0xCB, 0xD6, 0xC7, 0xD2, 0xCF, 0xC4,
    0xCA, 0xC3, 0x8F, 0x8A, 0x86, 0xF3, 0xEF, 0xE5, 0xF5, 0xEF, 0x86, 0xCB, 0xC9, 0xC2, 0xC3, 0x40,
    0x6D, 0x78, 0x7A, 0x76, 0x46, 0x40, 0x77, 0x72, 0x7C, 0x73, 0x6F, 0x46, 0x3B, 0x78, 0x74, 0x77,
    0x74, 0x69, 0x3B, 0x6B, 0x72, 0x78, 0x70, 0x6E, 0x6B, 0x3B, 0x68, 0x6F, 0x7A, 0x69, 0x6F, 0x7E,
    0x7F, 0x3B, 0x33, 0x7A, 0x7F, 0x7A, 0x6B, 0x6F, 0x72, 0x6D, 0x7E, 0x3B, 0x2E, 0x2B, 0x34, 0x29,
    0x2E, 0x53, 0x61, 0x37, 0x3B, 0x76, 0x7A, 0x72, 0x75, 0x3B, 0x6A, 0x6E, 0x7E, 0x6E, 0x7E, 0x37,
    0x3B, 0x2A, 0x35, 0x28, 0x35, 0x2F, 0x22, 0x32, 0xD0, 0xFD, 0xE8, 0xEA, 0xE6, 0xD6, 0xD0, 0xE7,
    0xE2, 0xEC, 0xE3, 0xFF, 0xD6, 0xAB, 0xE8, 0xE4, 0xE7, 0xE4, 0xF9, 0xAB, 0xFB, 0xE2, 0xE8, 0xE0,
    0xFE, 0xFB, 0xAB, 0xFF, 0xE2, 0xE6, 0xEE, 0xF9, 0xAB, 0xF8, 0xFF, 0xE4, 0xFB, 0xFB, 0xEE, 0xEF,
    0xFA, 0xD7, 0xC2, 0xC0, 0xCC, 0xFC, 0xFA, 0xCD, 0xC8, 0xC6, 0xC9, 0xD5, 0xFC, 0x81, 0xD5, 0xC8,
    0xC2, 0xCA, 0x82, 0x84, 0xCD, 0xC5, 0x89, 0x84, 0xE1, 0x88, 0x81, 0xD2, 0xD5, 0xD3, 0xC0, 0xD5,
    0x9C, 0x84, 0xC5, 0x81, 0xC0, 0xCD, 0xC8, 0xD7, 0xC4, 0x9C, 0x84, 0xC5, 0x81, 0xD2, 0xC4, 0xD0,
    0x9C, 0x84, 0xCD, 0xCD, 0xD4, 0x81, 0xC9, 0xC3, 0xE0, 0xC6, 0xC4, 0x9C, 0x84, 0x8F, 0x93, 0xC7,
    0xD2, 0x93, 0x96, 0xEE, 0xDC, 0xA5, 0xA2, 0xDF, 0xED, 0x7C, 0x51, 0x44, 0x46, 0x4A, 0x7A, 0x7C,
    0x4B, 0x4E, 0x40, 0x4F, 0x53, 0x7A, 0x07, 0x57, 0x4E, 0x44, 0x4C, 0x07, 0x44, 0x46, 0x43, 0x42,
    0x49, 0x44, 0x42, 0x07, 0x0A, 0x19, 0x07, 0x02, 0x67, 0x07, 0x0F, 0x02, 0x67, 0x0E, 0xF6, 0xF5,
    0xE9, 0xF2, 0x8F, 0xBD, 0xAC, 0xA0, 0xA3, 0xA0, 0xBD, 0xEF, 0xAE, 0xAC, 0xBB, 0xA6, 0xB9, 0xAA,
    0x36, 0x31, 0x24, 0x27, 0x29, 0x20, 0x1B, 0x36, 0x23, 0x21, 0x2D, 0x1D, 0x1B, 0x2C, 0x29, 0x27,
    0x28, 0x34, 0x1D, 0x60, 0x37, 0x21, 0x34, 0x23, 0x28, 0x24, 0x2F, 0x27, 0x7A, 0x60, 0x33, 0x34,
    0x32, 0x21, 0x34, 0x25, 0x27, 0x39, 0x60, 0x65, 0x24, 0x60, 0x28, 0x35, 0x2E, 0x27, 0x60, 0x68,
    0x28, 0x25, 0x21, 0x32, 0x34, 0x22, 0x25, 0x21, 0x34, 0x60, 0x65, 0x6E, 0x71, 0x26, 0x33, 0x60,
    0x21, 0x27, 0x2F, 0x69, 0x6C, 0x60, 0x33, 0x37, 0x29, 0x34, 0x23, 0x28, 0x29, 0x2E, 0x27, 0x0C,
    0x21, 0x34, 0x36, 0x3A, 0x0A, 0x0C, 0x3B, 0x3E, 0x30, 0x3F, 0x23, 0x0A, 0x77, 0x24, 0x36, 0x3A,
    0x27, 0x3B, 0x32, 0x77, 0x3A, 0x36, 0x24, 0x3C, 0x32, 0x33, 0x77, 0x7F, 0x33, 0x38, 0x23, 0x77,
    0x22, 0x39, 0x33, 0x32, 0x25, 0x77, 0x02, 0x1E, 0x7E, 0x7B, 0x77, 0x3F, 0x38, 0x3B, 0x33, 0x3E,
    0x39, 0x30, 0x77, 0x34, 0x38, 0x3B, 0x38, 0x25, 0x88, 0xA5, 0xB0, 0xB2, 0xBE, 0x8E, 0x88, 0xBF,
    0xBA, 0xB4, 0xBB, 0xA7, 0x8E, 0xF3, 0xB7, 0xBA, 0xB2, 0xB4, 0xF3, 0xF0, 0xF6, 0xB7, 0xF3, 0x90,
    0x92, 0x81, 0x80, 0xF3, 0xA0, 0xA7, 0xA1, 0xB2, 0xA7, 0xEE, 0xF6, 0xB7, 0xF3, 0xB0, 0xBC, 0xBF,
    0xBC, 0xA1, 0xEE, 0xE3, 0xAB, 0xF6, 0xE3, 0xE5, 0xAB, 0xF3, 0xB0, 0xBD, 0xA7, 0xEE, 0xF6, 0xB7,
    0xF3, 0xA3, 0xBC, 0xA0, 0xFB, 0xF6, 0xFD, 0xE3, 0xB5, 0xFF, 0xF6, 0xFD, 0xE3, 0xB5, 0xFA, 0x9E,
    0xB3, 0xA6, 0xA4, 0xA8, 0x98, 0x9E, 0xA9, 0xAC, 0xA2, 0xAD, 0xB1, 0x98, 0xE5, 0xA1, 0xAC, 0xA4,
    0xA2, 0xE5, 0xE6, 0xE0, 0xA1, 0xE5, 0x90, 0x8C, 0x86, 0x96, 0x8C, 0xE5, 0xB6, 0xA9, 0xAA, 0xB1,
    0xF8, 0xE0, 0xA1, 0xE5, 0xA6, 0xAB, 0xB1, 0xF8, 0xE0, 0xA1, 0xE5, 0xB5, 0xAA, 0xB6, 0xED, 0xE0,
    0xEB, 0xF5, 0xA3, 0xE9, 0xE0, 0xEB, 0xF5, 0xA3, 0xEC, 0x20, 0x0D, 0x18, 0x1A, 0x16, 0x26, 0x20,
    0x17, 0x12, 0x1C, 0x13, 0x0F, 0x26, 0x5B, 0x18, 0x14, 0x17, 0x14, 0x09, 0x5B, 0x1F, 0x1E, 0x0F,
    0x1E, 0x18, 0x0F, 0x1E, 0x1F, 0x41, 0x5B, 0x4B, 0x03, 0x5E, 0x4B, 0x4D, 0x03, 0x5B, 0x5E, 0x3B,
    0x5B, 0x08, 0x17, 0x14, 0x0F, 0x46, 0x5E, 0x1F, 0x5B, 0x53, 0x5E, 0x1F, 0x54, 0x4F, 0x4F, 0x4A,
    0x52, 0x5B, 0x1A, 0x0D, 0x1C, 0x46, 0x4B, 0x03, 0x5E, 0x4B, 0x4D, 0x03, 0x2E, 0x4F, 0x4D, 0x2E,
    0x48, 0x64, 0xEE, 0xA5, 0x9B, 0xEF, 0x8E, 0xB5, 0x3D, 0x27, 0x22, 0x47, 0x27, 0x2F, 0x22, 0x63,
    0x2B, 0x22, 0x63, 0x2B, 0x22, 0x63, 0x2E, 0xD0, 0xFD, 0xE8, 0xEA, 0xE6, 0xD6, 0xD0, 0xFF, 0xEA,
    0xE9, 0xD6, 0xAB, 0xF8, 0xEE, 0xFF, 0xFF, 0xE2, 0xE5, 0xEC, 0xF8, 0x22, 0x0F, 0x1A, 0x18, 0x14,
    0x24, 0x22, 0x1B, 0x18, 0x15, 0x15, 0x24, 0x59, 0x0D, 0x18, 0x09, 0x59, 0x0B, 0x1C, 0x1A, 0x1C,
    0x10, 0x0F, 0x1C, 0x1D, 0x12, 0x3F, 0x2A, 0x28, 0x24, 0x14, 0x12, 0x2B, 0x3D, 0x27, 0x14, 0x69,
    0x3B, 0x2C, 0x3A, 0x3D, 0x28, 0x3B, 0x3D, 0x61, 0x3B, 0x2C, 0x39, 0x25, 0x28, 0x30, 0x69, 0x2F,
    0x3B, 0x26, 0x24, 0x69, 0x2B, 0x2C, 0x2E, 0x20, 0x27, 0x27, 0x20, 0x27, 0x2E, 0x60, 0xB3, 0xA2,
    0xB6, 0xB0, 0xA6, 0xED, 0xA5, 0xAA, 0xAF, 0xAF, 0xE0, 0xCD, 0xD8, 0xDA, 0xD6, 0xE6, 0xE0, 0xD9,
    0xCF, 0xD5, 0xE6, 0x9B, 0xCB, 0xD7, 0xDA, 0xC2, 0xEB, 0xDA, 0xCE, 0xC8, 0xDE, 0x9B, 0x96, 0x85,
    0x9B, 0x9E, 0xFB, 0x16, 0x0A, 0x07, 0x1F, 0x0F, 0x08, 0x01, 0x7D, 0x50, 0x45, 0x47, 0x4B, 0x7B,
    0x7D, 0x44, 0x52, 0x48, 0x7B, 0x06, 0x54, 0x43, 0x56, 0x4A, 0x47, 0x45, 0x43, 0x06, 0x44, 0x4A,
    0x49, 0x45, 0x4D, 0x43, 0x42, 0x1C, 0x06, 0x4A, 0x4F, 0x45, 0x43, 0x48, 0x55, 0x43, 0x06, 0x48,
    0x49, 0x52, 0x06, 0x47, 0x45, 0x52, 0x4F, 0x50, 0x47, 0x52, 0x43, 0x42, 0x95, 0xB8, 0xAD, 0xAF,
    0xA3, 0x93, 0x95, 0xAC, 0xBA, 0xA0, 0x93, 0xEE, 0xBC, 0xAB, 0xBE, 0xA2, 0xAF, 0xAD, 0xAB, 0xEE,
    0xBA, 0xA1, 0xA9, 0xA9, 0xA2, 0xAB, 0xEE, 0xE3, 0xF0, 0xEE, 0xEB, 0x8E, 0x53, 0x44, 0x51, 0x4D,
    0x40, 0x42, 0x44, 0x45, 0xFC, 0xEB, 0xFD, 0xFA, 0xE1, 0xFC, 0xEB, 0xEA, 0xF5, 0xD8, 0xCD, 0xCF,
    0xC3, 0xF3, 0xF5, 0xCC, 0xDA, 0xC0, 0xF3, 0x8E, 0xDE, 0xCF, 0xC0, 0x8E, 0xCA, 0xC7, 0xDC, 0xCB,
    0xCD, 0xDA, 0xC7, 0xC1, 0xC0, 0x8E, 0xC8, 0xC7, 0xD6, 0x8E, 0xDA, 0xC1, 0xC9, 0xC9, 0xC2, 0xCB,
    0xCA, 0x8E, 0x83, 0x90, 0x8E, 0x8B, 0xEE, 0x8E, 0x86, 0xC2, 0xC1, 0xC0, 0xC9, 0x83, 0xDE, 0xDC,
    0xCB, 0xDD, 0xDD, 0x82, 0x8E, 0xCF, 0xDE, 0xDE, 0xC2, 0xC7, 0xCB, 0xDD, 0x8E, 0xCC, 0xC1, 0xDA,
    0xC6, 0x8E, 0xCF, 0xD6, 0xCB, 0xDD, 0x87, 0x50, 0x51, 0x35, 0x3C, 0x3C, 0x9C, 0xB1, 0xA4, 0xA6,
    0xAA, 0x9A, 0x9C, 0xA5, 0xB3, 0xA9, 0x9A, 0xE7, 0xB7, 0xAB, 0xA6, 0xA4, 0xA2, 0xAF, 0xA8, 0xAB,
    0xA3, 0xA2, 0xB5, 0xE7, 0xB3, 0xA6, 0xB7, 0xB7, 0xA2, 0xA3, 0xE7, 0xEF, 0xA1, 0xB2, 0xA9, 0xA4,
    0xB3, 0xAE, 0xA8, 0xA9, 0xE7, 0x93, 0x85, 0x83, 0xEE, 0x3F, 0x12, 0x07, 0x05, 0x09, 0x39, 0x3F,
    0x06, 0x10, 0x0A, 0x39, 0x44, 0x07, 0x08, 0x0B, 0x17, 0x01, 0x44, 0x14, 0x05, 0x0A, 0x01, 0x08,
    0x44, 0x4C, 0x06, 0x05, 0x08, 0x08, 0x44, 0x17, 0x10, 0x05, 0x1D, 0x17, 0x4D, 0x46, 0x6B, 0x7E,
    0x7C, 0x70, 0x40, 0x46, 0x7F, 0x69, 0x73, 0x40, 0x3D, 0x6E, 0x71, 0x72, 0x69, 0x3D, 0x38, 0x71,
    0x79, 0x3D, 0x7F, 0x71, 0x72, 0x7E, 0x76, 0x78, 0x79, 0x27, 0x3D, 0x71, 0x74, 0x7E, 0x78, 0x73,
    0x6E, 0x78, 0x3D, 0x73, 0x72, 0x69, 0x3D, 0x7C, 0x7E, 0x69, 0x74, 0x6B, 0x7C, 0x69, 0x78, 0x79,
    0x00, 0x59, 0x4E, 0x5D, 0x00, 0x42, 0x40, 0x4D, 0x46, 0x43, 0x4A, 0x00, 0x62, 0x4A, 0x4B, 0x46,
    0x4E, 0x00, 0x6B, 0x6C, 0x66, 0x62, 0x00, 0x19, 0x00, 0x0A, 0x43, 0x4B, 0x01, 0x42, 0x5F, 0x1B,
    0xDB, 0xF6, 0xE3, 0xE1, 0xED, 0xDD, 0xDB, 0xE2, 0xF4, 0xEE, 0xDD, 0xA0, 0xF3, 0xEC, 0xEF, 0xF4,
    0xA0, 0xA5, 0xEC, 0xE4, 0xA0, 0xF3, 0xEF, 0xF5, 0xF2, 0xE3, 0xE5, 0xA0, 0xED, 0xE9, 0xF3, 0xF3,
    0xE9, 0xEE, 0xE7, 0xBA, 0xA0, 0xA5, 0xC0, 0xA0, 0xA8, 0xF3, 0xE5, 0xF4, 0xA0, 0xE9, 0xF4, 0xA0,
    0xE9, 0xEE, 0xA0, 0x68, 0x2E, 0x3E, 0x67, 0x3D, 0x2E, 0xA0, 0xE6, 0xE9, 0xF2, 0xF3, 0xF4, 0xA9,
    0x19, 0x34, 0x21, 0x23, 0x2F, 0x1F, 0x19, 0x20, 0x36, 0x2C, 0x1F, 0x62, 0x32, 0x2E, 0x23, 0x3B,
    0x62, 0x31, 0x2E, 0x2D, 0x36, 0x62, 0x67, 0x2E, 0x26, 0x78, 0x62, 0x67, 0x02, 0x9D, 0xB0, 0xA5,
    0xA7, 0xAB, 0x9B, 0x9D, 0xA4, 0xB2, 0xA8, 0x9B, 0xE6, 0xB4, 0xA9, 0xB2, 0xA7, 0xB2, 0xAF, 0xA9,
    0xA8, 0xFC, 0xE6, 0xE3, 0xA2, 0xE6, 0xEB, 0xF8, 0xE6, 0xE3, 0xA2, 0xE6, 0xEE, 0xB5, 0xBF, 0xA8,
    0xA5, 0xA3, 0xA2, 0xEF, 0xCF, 0xE2, 0xF7, 0xF5, 0xF9, 0xC9, 0xCF, 0xF6, 0xE0, 0xFA, 0xC9, 0xB4,
    0xE4, 0xF5, 0xFA, 0xB4, 0xB9, 0xAA, 0xB4, 0xBC, 0xB1, 0xBA, 0xA6, 0xF2, 0xB8, 0xB4, 0xB1, 0xBA,
    0xA6, 0xF2, 0xBD, 0xB4, 0xBC, 0xE7, 0xED, 0xFA, 0xF7, 0xF1, 0xF0, 0xBD, 0xBD, 0x90, 0x85, 0x87,
    0x8B, 0xBB, 0xBD, 0x84, 0x92, 0x88, 0xBB, 0xC6, 0x9C, 0x89, 0x89, 0x8B, 0xC6, 0x8F, 0x88, 0xC6,
    0xCB, 0xD8, 0xC6, 0xC3, 0xC8, 0xD4, 0x80, 0xC6, 0xCE, 0x95, 0x9F, 0x88, 0x85, 0x83, 0x82, 0xCF,
    0x45, 0x68, 0x7D, 0x7F, 0x73, 0x43, 0x45, 0x7C, 0x6A, 0x70, 0x43, 0x3E, 0x64, 0x71, 0x71, 0x73,
    0x3E, 0x71, 0x6B, 0x6A, 0x3E, 0x33, 0x20, 0x3E, 0x3B, 0x30, 0x2C, 0x78, 0x3E, 0x36, 0x6D, 0x67,
    0x70, 0x7D, 0x7B, 0x7A, 0x37, 0x41, 0x6C, 0x79, 0x7B, 0x77, 0x47, 0x41, 0x78, 0x6E, 0x74, 0x47,
    0x3A, 0x6E, 0x68, 0x7B, 0x74, 0x69, 0x7C, 0x75, 0x68, 0x77, 0x3A, 0x68, 0x7F, 0x69, 0x7F, 0x6E,
    0x3A, 0x32, 0x6A, 0x7B, 0x74, 0x27, 0x2A, 0x36, 0x3A, 0x60, 0x75, 0x75, 0x77, 0x27, 0x2B, 0x33,
    0x3A, 0x32, 0x69, 0x63, 0x74, 0x79, 0x7F, 0x7E, 0x33, 0x17, 0x3A, 0x2F, 0x2D, 0x21, 0x11, 0x17,
    0x2E, 0x38, 0x22, 0x11, 0x6C, 0x21, 0x25, 0x3E, 0x3E, 0x23, 0x3E, 0x6C, 0x38, 0x23, 0x2B, 0x2B,
    0x20, 0x29, 0x28, 0x6C, 0x61, 0x72, 0x6C, 0x69, 0x28, 0x6C, 0x64, 0x3F, 0x35, 0x22, 0x2F, 0x29,
    0x28, 0x65, 0xF1, 0xDC, 0xC9, 0xCB, 0xC7, 0xF7, 0xF1, 0xC8, 0xDE, 0xC4, 0xF7, 0x8A, 0xC5, 0xD8,
    0xC3, 0xCF, 0xC4, 0xDE, 0xCB, 0xDE, 0xC3, 0xC5, 0xC4, 0x8A, 0xD9, 0xDE, 0xCB, 0xDE, 0xCF, 0x8A,
    0xD8, 0xCF, 0xD9, 0xCF, 0xDE, 0x8A, 0x82, 0xD8, 0xC5, 0xDE, 0xCB, 0xDE, 0xC3, 0xC5, 0xC4, 0x97,
    0x9A, 0x86, 0x8A, 0xC7, 0xC3, 0xD8, 0xD8, 0xC5, 0xD8, 0x97, 0xC5, 0xCC, 0xCC, 0x86, 0x8A, 0xDA,
    0xCB, 0xC4, 0x97, 0x9A, 0x86, 0x8A, 0xD0, 0xC5, 0xC5, 0xC7, 0x97, 0x9B, 0x83, 0x26, 0x0B, 0x1E,
    0x1C, 0x10, 0x20, 0x26, 0x1F, 0x09, 0x13, 0x20, 0x5D, 0x12, 0x0D, 0x18, 0x13, 0x5D, 0x0D, 0x14,
    0x1E, 0x16, 0x18, 0x0F, 0x5D, 0x1B, 0x12, 0x0F, 0x5D, 0x0E, 0x11, 0x12, 0x09, 0x5D, 0x58, 0x11,
    0x19, 0xF5, 0xED, 0xF5, 0xCC, 0xC6, 0xCE, 0xC0, 0xD7, 0xF3, 0xCC, 0xC0, 0xD2, 0xE6, 0xCA, 0xCB,
    0xD1, 0xD7, 0xCA, 0xC9, 0xC9, 0xC0, 0xD7, 0x4B, 0x66, 0x73, 0x71, 0x7D, 0x4D, 0x30, 0x40, 0x58,
    0x40, 0x79, 0x73, 0x7B, 0x75, 0x62, 0x46, 0x79, 0x75, 0x67, 0x53, 0x7F, 0x7E, 0x64, 0x62, 0x7F,
    0x7C, 0x7C, 0x75, 0x62, 0x30, 0x65, 0x7E, 0x71, 0x66, 0x71, 0x79, 0x7C, 0x71, 0x72, 0x7C, 0x75,
    0xBE, 0xBB, 0xAC, 0xA2, 0xA7, 0xAD, 0xE0, 0xA3, 0xA1, 0xB8, 0xA7, 0xAB, 0x97, 0x92, 0x85, 0x8B,
    0x8E, 0x84, 0xC9, 0x86, 0x92, 0x83, 0x8E, 0x88, 0x91, 0x8E, 0x94, 0x92, 0x86, 0x8B, 0xCA, 0x84,
    0x88, 0x89, 0x93, 0x82, 0x89, 0x93, 0x4E, 0x4C, 0x55, 0x4A, 0x46, 0x62, 0x7F, 0x6A, 0x68, 0x22,
    0x3B, 0x5C, 0x58, 0x44, 0x4E, 0x46, 0x59, 0x44, 0x40, 0x48, 0x3C, 0x11, 0x04, 0x06, 0x0A, 0x3A,
    0x47, 0x0B, 0x08, 0x06, 0x03, 0x47, 0x13, 0x1E, 0x17, 0x02, 0x47, 0x42, 0x27, 0x47, 0x01, 0x06,
    0x0E, 0x0B, 0x02, 0x03, 0x5D, 0x47, 0x42, 0x27, 0x47, 0x4F, 0x04, 0x06, 0x09, 0x03, 0x14, 0x47,
    0x0B, 0x02, 0x01, 0x13, 0x47, 0x42, 0x0B, 0x12, 0x4E, 0x7C, 0x51, 0x44, 0x46, 0x4A, 0x7A, 0x07,
    0x57, 0x4E, 0x44, 0x4C, 0x42, 0x55, 0x07, 0x44, 0x48, 0x57, 0x5E, 0x07, 0x54, 0x4B, 0x48, 0x53,
    0x1A, 0x02, 0x4B, 0x43, 0x07, 0x02, 0x67, 0x07, 0x0A, 0x19, 0x07, 0x02, 0x67, 0x07, 0x0F, 0x02,
    0x67, 0x0E, 0x3F, 0x12, 0x07, 0x05, 0x09, 0x39, 0x44, 0x05, 0x07, 0x10, 0x0D, 0x12, 0x01, 0x44,
    0x17, 0x0B, 0x11, 0x16, 0x07, 0x01, 0x44, 0x17, 0x13, 0x0D, 0x10, 0x07, 0x0C, 0x01, 0x00, 0x5E,
    0x44, 0x41, 0x24, 0x02, 0x2F, 0x3A, 0x38, 0x34, 0x04, 0x79, 0x2F, 0x30, 0x3D, 0x3C, 0x36, 0x79,
    0x2D, 0x20, 0x29, 0x3C, 0x79, 0x38, 0x29, 0x29, 0x3C, 0x38, 0x2B, 0x3C, 0x3D, 0x79, 0x38, 0x3F,
    0x2D, 0x3C, 0x2B, 0x79, 0x2B, 0x3C, 0x2D, 0x2B, 0x20, 0x79, 0x71, 0x38, 0x2A, 0x20, 0x37, 0x3A,
    0x79, 0x2B, 0x3C, 0x3E, 0x30, 0x2A, 0x2D, 0x2B, 0x38, 0x2D, 0x30, 0x36, 0x37, 0x79, 0x2B, 0x38,
    0x3A, 0x3C, 0x70, 0xA6, 0x8B, 0x9E, 0x9C, 0x90, 0xA0, 0xDD, 0x8D, 0x94, 0x9E, 0x96, 0x98, 0x99,
    0xDD, 0x94, 0x89, 0x98, 0x90, 0xDD, 0x94, 0x8E, 0xDD, 0x93, 0x92, 0x89, 0xDD, 0x9C, 0xDD, 0x8B,
    0x94, 0x99, 0x98, 0x92, 0xDD, 0xD5, 0x89, 0x84, 0x8D, 0x98, 0x8E, 0xC7, 0xDD, 0xD8, 0xBD, 0xD4,
    0x11, 0x3C, 0x29, 0x2B, 0x27, 0x17, 0x11, 0x26, 0x23, 0x29, 0x17, 0x6A, 0x2F, 0x24, 0x3E, 0x38,
    0x33, 0x6A, 0x3E, 0x2B, 0x3A, 0x3A, 0x2F, 0x2E, 0xB5, 0xE7, 0xE2, 0xB6, 0xEF, 0xD0, 0xB6, 0xE4,
    0xEB, 0x70, 0x92, 0xE7, 0x70, 0xB7, 0xEB, 0xC1, 0xB5, 0xFE, 0xCA, 0xB6, 0xCC, 0xFC, 0xB6, 0xCC,
    0xEA, 0x70, 0x92, 0xE7, 0x70, 0xB6, 0xE0, 0xE8, 0xB4, 0xE9, 0xD5, 0xB6, 0xCC, 0xD9, 0xB6, 0xC5,
    0xD8, 0x1D, 0x67, 0x51, 0x1D, 0x44, 0x7B, 0x1D, 0x4F, 0x40, 0xE4, 0xB6, 0xB3, 0xE4, 0xA5, 0x8C,
    0xE4, 0x89, 0xB7, 0xEE, 0xC3, 0xD6, 0xD4, 0xD8, 0xE8, 0xEE, 0xD9, 0xDC, 0xD6, 0xE8, 0x95, 0xD1,
    0xD0, 0xC3, 0xDC, 0xD6, 0xD0, 0x95, 0xD6, 0xDA, 0xD1, 0xD0, 0x95, 0xD6, 0xDA, 0xC5, 0xDC, 0xD0,
    0xD1, 0x85, 0xA8, 0xBD, 0xBF, 0xB3, 0x83, 0x85, 0xB2, 0xB7, 0xBD, 0x83, 0xFE, 0xAE, 0xBF, 0xAD,
    0xAA, 0xBB, 0xBA, 0xFE, 0xF6, 0xFB, 0xB2, 0xAB, 0xFE, 0xBD, 0xB6, 0xBF, 0xAC, 0xAD, 0xF7, 0x47,
    0x6A, 0x7F, 0x7D, 0x71, 0x41, 0x47, 0x70, 0x75, 0x7F, 0x41, 0x3C, 0x7D, 0x7F, 0x68, 0x75, 0x6A,
    0x7D, 0x68, 0x79, 0x78, 0x3C, 0x53, 0x57, 0x3C, 0x34, 0x6C, 0x79, 0x6E, 0x71, 0x7D, 0x72, 0x79,
    0x72, 0x68, 0x30, 0x3C, 0x6F, 0x75, 0x7B, 0x72, 0x79, 0x78, 0x35, 0xD6, 0x9C, 0xB5, 0xDA, 0xA1,
    0x96, 0xD5, 0xA4, 0x93, 0xD5, 0xA6, 0xBB, 0x1F, 0x13, 0xDB, 0x9C, 0x84, 0xD5, 0x93, 0x8B, 0xD6,
    0x9C, 0x8A, 0xD6, 0xA3, 0xBD, 0xDA, 0xB4, 0xBE, 0xDB, 0x9C, 0xA6, 0x1E, 0x33, 0x26, 0x24, 0x28,
    0x18, 0x1E, 0x29, 0x2C, 0x26, 0x18, 0x65, 0x24, 0x26, 0x31, 0x2C, 0x33, 0x24, 0x31, 0x20, 0x65,
    0x23, 0x24, 0x2C, 0x29, 0x20, 0x21, 0x65, 0x6D, 0x33, 0x20, 0x37, 0x2C, 0x23, 0x3C, 0x6C, 0x56,
    0x7B, 0x6E, 0x6C, 0x60, 0x50, 0x2D, 0x4C, 0x7D, 0x7D, 0x2D, 0x6F, 0x68, 0x6E, 0x6C, 0x60, 0x68,
    0x2D, 0x6C, 0x6E, 0x79, 0x64, 0x7B, 0x68, 0x54, 0x79, 0x6C, 0x6E, 0x62, 0x52, 0x2F, 0x78, 0x66,
    0x61, 0x6B, 0x60, 0x78, 0x2F, 0x67, 0x6E, 0x7C, 0x2F, 0x61, 0x60, 0x2F, 0x7C, 0x6C, 0x6A, 0x61,
    0x6A, 0x23, 0x2F, 0x7D, 0x6A, 0x6C, 0x7D, 0x6A, 0x6E, 0x7B, 0x66, 0x61, 0x68, 0x2F, 0x60, 0x61,
    0x2F, 0x6B, 0x66, 0x6B, 0x4D, 0x6A, 0x6C, 0x60, 0x62, 0x6A, 0x4E, 0x6C, 0x7B, 0x66, 0x79, 0x6A,
    0xD3, 0xFE, 0xEB, 0xE9, 0xE5, 0xD5, 0xA8, 0xC9, 0xF8, 0xF8, 0xA8, 0xED, 0xE6, 0xFC, 0xED, 0xFA,
    0xED, 0xEC, 0xA8, 0xEA, 0xE9, 0xEB, 0xE3, 0xEF, 0xFA, 0xE7, 0xFD, 0xE6, 0xEC,
};

static NSString *_ob_cache[_OB_COUNT];

NSString *obfN(unsigned i) {
    if (i >= _OB_COUNT) return @"";
    NSString *s = _ob_cache[i];
    if (!s) {
        char buf[256];
        obfC(i, buf, sizeof(buf));
        s = [NSString stringWithUTF8String:buf];
        _ob_cache[i] = s;  // 良性竞态: 双写同值仅多一次分配
    }
    return s;
}

const char *obfC(unsigned i, char *buf, unsigned bufSize) {
    unsigned len = _ob_len[i];
    if (len >= bufSize) len = bufSize - 1;
    const unsigned char *p = _ob_dat + _ob_off[i];
    unsigned char k = _ob_key[i];
    for (unsigned j = 0; j < len; j++) buf[j] = (char)(p[j] ^ k);
    buf[len] = 0;
    return buf;
}

CFStringRef obfCF(unsigned i) {
    char buf[256];
    obfC(i, buf, sizeof(buf));
    return CFStringCreateWithCString(NULL, buf, kCFStringEncodingUTF8);
}

SEL obfSEL(unsigned i) {
    char buf[256];
    obfC(i, buf, sizeof(buf));
    return sel_registerName(buf);
}
